,CodiceMP,NrArticolo,ImpiegoPerPezzo_x,CostoPerUnitaMis_x,QuantitydiOutput_x,ImportoCostoTOTALE_x,ImpiegoPerPezzo_y,CostoPerUnitaMis_y,QuantitydiOutput_y,ImportoCostoTOTALE_y
0,ART0000771,ART0005136,0.00980392156862745,230.95,102.0,230.95,,,,
1,ART0000809,ART0005136,0.0196078431372549,561.35,102.0,1122.7,,,,
2,ART0001066,ART0003099,56.0,0.0018703007518796992,19.0,1.99,,,,
3,ART0001068,ART0004671,38.0,0.036,5.0,6.84,,,,
4,ART0001073,ART0002240,46.0,0.08668478260869565,4.0,15.95,,,,
5,ART0001073,ART0002628,17.0,0.08088235294117647,2.0,2.75,15.0,0.08633333333333333,2.0,2.59
6,ART0001074,ART0000018,15.0,0.1716666666666667,2.0,5.15,15.0,0.1716666666666667,2.0,5.15
7,ART0001074,ART0000043,104.0,0.17168269230769231,2.0,35.71,105.0,0.17171428571428574,2.0,36.06
8,ART0001074,ART0002366,67.25,0.17778810408921933,8.0,95.65,43.75,0.1717142857142857,16.0,120.19999999999999
9,ART0001076,ART0001794,149.36363636363637,0.3654656116859404,11.0,600.46,,,,
10,ART0001076,ART0002552,6.1,0.3680327868852459,10.0,22.45,,,,
11,ART0001076,ART0002866,74.5,0.35919463087248327,10.0,267.6,46.0,0.345,10.0,158.7
12,ART0001078,ART0000880,28.733333333333334,0.029582366589327145,15.0,12.75,,,,
13,ART0001078,ART0000881,330.0,0.029575757575757578,3.0,29.28,,,,
14,ART0001080,ART0004898,75.0,0.0022,18.0,2.97,,,,
15,ART0001081,ART0001492,22.0,0.005909090909090909,3.0,0.39,,,,
16,ART0001081,ART0005136,5.294117647058823,0.005981481481481482,102.0,3.23,,,,
17,ART0001082,ART0001164,266.0,0.027731829573934837,3.0,22.13,265.0,0.019949685534591196,3.0,15.86
18,ART0001082,ART0001170,570.0,0.022842105263157893,2.0,26.04,380.0,0.01994736842105263,1.0,7.58
19,ART0001082,ART0003704,197.0,0.02284263959390863,7.0,31.5,196.0,0.01994666048237477,22.0,86.01
20,ART0001082,ART0003785,122.5,0.020455026455026455,54.0,135.31,245.0,0.019946938775510206,30.0,146.61
21,ART0001082,ART0004889,51.55384615384615,0.02994330050731125,65.0,100.34,,,,
22,ART0001082,ART0004904,141.0,0.02284869976359338,6.0,19.33,140.0,0.01994642857142857,4.0,11.17
23,ART0001083,ART0000880,22.666666666666668,0.033,15.0,11.22,25.0,0.03235,16.0,12.94
24,ART0001083,ART0000881,331.0,0.03300100704934542,3.0,32.77,330.0,0.036575757575757574,4.0,48.28
25,ART0001084,ART0002148,35.0,0.0,6.0,0.0,,,,
26,ART0001084,ART0002299,86.0,0.01383720930232558,2.0,2.38,,,,
27,ART0001086,ART0005136,27.764705882352942,0.022189265536723166,102.0,62.84,,,,
28,ART0001385,ART0000797,2.0,19.155,1.0,38.31,1.0,12.5,1.0,12.5
29,ART0001387,ART0000778,3.3333333333333335,2.5,3.0,25.0,2.0,3.02,1.0,6.04
30,ART0001387,ART0000780,1.0,2.5,1.0,2.5,1.0,3.02,2.0,6.04
31,ART0001387,ART0000782,7.4,2.5705405405405406,5.0,95.11,3.6,2.2333333333333334,5.0,40.2
32,ART0001387,ART0000783,6.4,2.5159374999999997,5.0,80.50999999999999,2.6666666666666665,2.4675,6.0,39.48
33,ART0001387,ART0000786,3.0,2.5,2.0,15.0,2.6666666666666665,3.02125,3.0,24.17
34,ART0001389,ART0000797,2.0,31.755000000000003,1.0,63.510000000000005,1.0,12.5,1.0,12.5
35,ART0001390,ART0000780,1.0,3.0,1.0,3.0,1.0,25.0,2.0,50.0
36,ART0001391,ART0000778,3.3333333333333335,2.73,3.0,27.3,2.0,2.83,1.0,5.66
37,ART0001391,ART0000782,7.4,2.8572972972972974,5.0,105.72,3.6,2.796666666666666,5.0,50.33999999999999
38,ART0001391,ART0000783,6.4,2.0,5.0,64.0,2.6666666666666665,2.805625,6.0,44.89
39,ART0001391,ART0000786,3.0,2.0,2.0,12.0,2.6666666666666665,2.8275,3.0,22.62
40,ART0001395,ART0001017,1.0,3.23,1.0,3.23,2.0,3.75,1.0,7.5
41,ART0001398,ART0000849,1.5555555555555556,3.5714285714285716,9.0,50.0,1.0,4.23,1.0,4.23
42,ART0001399,ART0000849,1.5555555555555556,4.228571428571429,9.0,59.2,1.0,4.23,1.0,4.23
43,ART0001400,ART0000847,6.1,2.67344262295082,10.0,163.08,1.5,2.5,2.0,7.5
44,ART0001401,ART0000847,6.1,2.258360655737705,10.0,137.76000000000002,1.5,2.5,2.0,7.5
45,ART0001403,ART0000848,7.066666666666666,1.2301886792452827,15.0,130.39999999999998,5.0,3.8303999999999996,15.0,287.28
46,ART0001404,ART0000850,6.0,1.6670000000000003,5.0,50.010000000000005,2.0,2.34375,8.0,37.5
47,ART0001406,ART0000851,10.0,1.7502666666666664,15.0,262.53999999999996,4.0,1.5354999999999999,15.0,92.13
48,ART0001409,ART0000752,7.0,2.6540000000000004,10.0,185.78000000000003,5.333333333333333,3.2509374999999996,6.0,104.02999999999999
49,ART0001411,ART0000843,1.0,12.5,2.0,25.0,1.0,11.14,2.0,22.28
50,ART0001424,ART0000847,6.1,2.9288524590163934,10.0,178.66,1.5,2.5,2.0,7.5
51,ART0001425,ART0000753,2.0,1.6460000000000001,10.0,32.92,2.0,1.029,10.0,20.58
52,ART0001426,ART0000784,3.0,3.126,5.0,46.89,1.4,8.928571428571429,5.0,62.5
53,ART0001429,ART0000756,10.0,3.2952,5.0,164.76,3.8461538461538463,3.1675999999999997,13.0,158.38
54,ART0001514,ART0000811,4.666666666666667,44.177499999999995,6.0,1236.9699999999998,2.0,36.52125,4.0,292.17
55,ART0001756,ART0000748,7.125,18.502105263157894,80.0,10546.199999999999,3.98,21.919798994974876,50.0,4362.04
56,ART0001758,ART0000753,1.0,58.345000000000006,10.0,583.45,1.0,32.955,10.0,329.55
57,ART0001759,ART0000795,6.2272727272727275,39.361459854014605,22.0,5392.52,5.947368421052632,32.29884955752212,19.0,3649.7699999999995
58,ART0001761,ART0000797,2.0,105.285,1.0,210.57,1.0,71.44,1.0,71.44
59,ART0001762,ART0000757,1.0,122.13,1.0,122.13,1.0,205.97,1.0,205.97
60,ART0001765,ART0000756,5.0,70.6684,5.0,1766.7100000000003,1.9230769230769231,72.8004,13.0,1820.01
61,ART0001766,ART0000825,3.0,87.91000000000001,2.0,527.46,1.6666666666666667,107.556,3.0,537.78
62,ART0001766,ART0001018,2.0,136.49,1.0,272.98,1.0,212.41,1.0,212.41
63,ART0001767,ART0001017,1.0,75.9,1.0,75.9,2.0,65.97,1.0,131.94
64,ART0001768,ART0000772,3.0,76.24333333333333,1.0,228.72999999999996,2.5,76.17,2.0,380.85
65,ART0001770,ART0000847,12.2,43.12655737704918,10.0,5261.4400000000005,3.0,40.098333333333336,2.0,240.59
66,ART0001772,ART0000758,5.0,59.982,3.0,899.73,1.6,49.688125,10.0,795.01
67,ART0001772,ART0005136,0.0196078431372549,59.23,102.0,118.46,,,,
68,ART0001773,ART0000778,3.3333333333333335,83.69500000000001,3.0,836.95,2.0,102.11,1.0,204.22
69,ART0001775,ART0000848,7.066666666666666,50.94452830188679,15.0,5400.12,5.0,46.54506666666667,15.0,3490.88
70,ART0001776,ART0000779,4.0,58.13375,2.0,465.07,1.0,58.39,2.0,116.78
71,ART0001777,ART0000849,1.5555555555555556,63.30214285714287,9.0,886.2300000000001,1.0,79.34,1.0,79.34
72,ART0001778,ART0000780,1.0,72.91,1.0,72.91,1.0,84.56,2.0,169.12
73,ART0001779,ART0000850,3.0,36.848,5.0,552.72,1.0,34.1875,8.0,273.5
74,ART0001783,ART0000782,7.4,62.73432432432433,5.0,2321.17,3.6,65.02333333333333,5.0,1170.4199999999998
75,ART0001785,ART0000762,2.0,46.8085,10.0,936.1700000000001,5.25,40.31409523809524,20.0,4232.9800000000005
76,ART0001786,ART0000783,6.4,58.2190625,5.0,1863.01,2.6666666666666665,44.00812499999999,6.0,704.1299999999999
77,ART0001786,ART0000786,3.0,59.6,2.0,357.6,2.6666666666666665,46.10875,3.0,368.87
78,ART0001788,ART0000784,3.0,135.08466666666666,5.0,2026.27,1.4,190.71428571428572,5.0,1335.0
79,ART0001789,ART0000749,1.0,249.13,1.0,249.13,1.0,245.585,2.0,491.17
80,ART0001799,ART0000851,5.0,57.06133333333334,15.0,4279.6,2.0,46.22266666666667,15.0,1386.68
81,ART0001804,ART0000769,1.0,103.24,1.0,103.24,1.0,65.20333333333333,3.0,195.61
82,ART0001807,ART0000853,5.9,63.44516949152542,20.0,7486.53,5.333333333333333,52.986625000000004,15.0,4238.93
83,ART0001811,ART0000752,7.0,90.86757142857142,10.0,6360.73,5.333333333333333,93.65499999999999,6.0,2996.9599999999996
84,ART0001813,ART0000804,2.0,73.07499999999999,4.0,584.5999999999999,1.0,58.392999999999994,10.0,583.93
85,ART0001814,ART0000805,1.5,99.24666666666667,2.0,297.74,2.0,83.08,1.0,166.16
86,ART0001820,ART0000788,2.0,71.68,1.0,143.36,4.0,62.19500000000001,1.0,248.78000000000003
87,ART0001821,ART0000826,1.0,234.81,1.0,234.81,1.6666666666666667,173.88600000000002,3.0,869.4300000000001
88,ART0001822,ART0000843,1.0,139.575,2.0,279.15,1.0,113.365,2.0,226.73
89,ART0001825,ART0000796,1.0,174.985,2.0,349.97,1.0,137.1,1.0,137.1
90,ART0001829,ART0000790,2.0,181.9,1.0,363.8,1.0,188.0,1.0,188.0
91,ART0001830,ART0000811,4.666666666666667,90.5807142857143,6.0,2536.26,2.0,73.58375000000001,4.0,588.6700000000001
92,ART0001832,ART0000812,1.5,130.12333333333333,2.0,390.37,1.5,101.51333333333332,6.0,913.6199999999999
93,ART0001836,ART0000814,1.0,121.1,1.0,121.1,1.0,140.02,1.0,140.02
94,ART0001837,ART0000841,1.0,743.11,1.0,743.11,1.0,750.25,1.0,750.25
95,ART0001840,ART0000830,4.0,359.66249999999997,1.0,1438.6499999999999,1.0,339.64,1.0,339.64
96,ART0001841,ART0000845,1.0,283.44,1.0,283.44,1.0,418.74,1.0,418.74
97,ART0001866,ART0000795,6.2272727272727275,144.32036496350364,22.0,19771.89,5.947368421052632,144.83681415929206,19.0,16366.560000000001
98,ART0001868,ART0000748,7.125,24.68259649122807,80.0,14069.080000000002,3.98,26.36869346733668,50.0,5247.369999999999
99,ART0001869,ART0000797,2.0,320.52,1.0,641.04,1.0,228.64,1.0,228.64
100,ART0001872,ART0000753,1.0,87.826,10.0,878.26,1.0,116.23800000000001,10.0,1162.38
101,ART0001873,ART0000784,3.0,162.94799999999998,5.0,2444.22,1.4,217.35857142857142,5.0,1521.51
102,ART0001874,ART0000757,1.0,210.8,1.0,210.8,1.0,282.51,1.0,282.51
103,ART0001877,ART0000756,5.0,109.6716,5.0,2741.79,1.9230769230769231,116.35040000000001,13.0,2908.76
104,ART0001878,ART0001018,2.0,251.38,1.0,502.76,1.0,191.0,1.0,191.0
105,ART0001879,ART0001017,1.0,149.12,1.0,149.12,2.0,149.12,1.0,298.24
106,ART0001880,ART0000772,3.0,171.94666666666663,1.0,515.8399999999999,2.5,179.154,2.0,895.77
107,ART0001882,ART0000849,1.5555555555555556,122.89642857142857,9.0,1720.55,1.0,211.74,1.0,211.74
108,ART0001883,ART0000847,6.1,136.57016393442623,10.0,8330.78,1.5,133.45666666666668,2.0,400.37
109,ART0001884,ART0000758,5.0,125.84466666666667,3.0,1887.67,1.6,122.406875,10.0,1958.51
110,ART0001885,ART0000778,3.3333333333333335,136.725,3.0,1367.25,2.0,149.67,1.0,299.34
111,ART0001886,ART0000848,7.066666666666666,69.97405660377359,15.0,7417.25,5.0,81.3368,15.0,6100.26
112,ART0001889,ART0000779,4.0,143.17,2.0,1145.36,1.0,135.45,2.0,270.9
113,ART0001890,ART0000780,1.0,165.57,1.0,165.57,1.0,184.035,2.0,368.07
114,ART0001891,ART0000850,3.0,127.946,5.0,1919.19,1.0,99.25125,8.0,794.01
115,ART0001895,ART0000782,7.4,106.75945945945946,5.0,3950.1000000000004,3.6,114.48777777777777,5.0,2060.7799999999997
116,ART0001897,ART0000762,2.0,101.932,10.0,2038.64,5.25,97.0104761904762,20.0,10186.1
117,ART0001898,ART0000783,6.4,144.40375,5.0,4620.92,2.6666666666666665,172.55124999999998,6.0,2760.8199999999997
118,ART0001900,ART0000749,1.0,131.89,1.0,131.89,1.0,188.205,2.0,376.41
119,ART0001908,ART0000851,5.0,26.798933333333334,15.0,2009.92,2.0,35.77166666666667,15.0,1073.15
120,ART0001913,ART0000786,3.0,190.40499999999997,2.0,1142.4299999999998,2.6666666666666665,234.035,3.0,1872.28
121,ART0001917,ART0000853,5.9,86.07906779661015,20.0,10157.329999999998,5.333333333333333,80.353,15.0,6428.24
122,ART0001920,ART0000825,3.0,281.8283333333334,2.0,1690.9700000000003,1.6666666666666667,218.78599999999997,3.0,1093.9299999999998
123,ART0001921,ART0000752,7.0,81.98628571428569,10.0,5739.039999999998,5.333333333333333,103.2521875,6.0,3304.07
124,ART0001923,ART0000804,2.0,291.22875,4.0,2329.83,1.0,268.54499999999996,10.0,2685.4499999999994
125,ART0001924,ART0000805,1.5,238.55333333333337,2.0,715.6600000000001,2.0,239.85,1.0,479.7
126,ART0001929,ART0000788,2.0,198.56,1.0,397.12,4.0,162.28500000000003,1.0,649.1400000000001
127,ART0001931,ART0000826,1.0,290.83,1.0,290.83,1.6666666666666667,485.688,3.0,2428.44
128,ART0001932,ART0000843,1.0,343.11,2.0,686.22,1.0,310.81,2.0,621.62
129,ART0001935,ART0000796,1.0,298.08,2.0,596.16,1.0,361.12,1.0,361.12
130,ART0001939,ART0000790,2.0,243.86,1.0,487.72,1.0,263.79,1.0,263.79
131,ART0001940,ART0000811,4.666666666666667,226.70892857142857,6.0,6347.85,2.0,294.10125,4.0,2352.81
132,ART0001942,ART0000812,1.5,236.65666666666667,2.0,709.97,1.5,291.42555555555555,6.0,2622.83
133,ART0001945,ART0000814,1.0,270.76,1.0,270.76,1.0,416.92,1.0,416.92
134,ART0001946,ART0000841,1.0,1629.76,1.0,1629.76,1.0,1631.53,1.0,1631.53
135,ART0001947,ART0000769,1.0,178.86,1.0,178.86,1.0,206.68666666666664,3.0,620.06
136,ART0001950,ART0000830,4.0,642.9925,1.0,2571.97,1.0,659.43,1.0,659.43
137,ART0001951,ART0000845,1.0,589.79,1.0,589.79,1.0,770.49,1.0,770.49
138,ART0001981,ART0000814,1.0,11.58,1.0,11.58,1.0,25.98,1.0,25.98
139,ART0001982,ART0000757,1.0,5.71,1.0,5.71,1.0,2.0,1.0,2.0
140,ART0001982,ART0000758,5.0,9.570666666666666,3.0,143.56,1.6,4.44625,10.0,71.14
141,ART0001982,ART0000769,1.0,5.71,1.0,5.71,1.0,8.523333333333333,3.0,25.57
142,ART0001983,ART0000797,2.0,33.75,1.0,67.5,1.0,37.5,1.0,37.5
143,ART0001985,ART0000830,4.0,40.625,1.0,162.5,1.0,38.84,1.0,38.84
144,ART0001987,ART0000790,2.0,12.5,1.0,25.0,1.0,50.68,1.0,50.68
145,ART0001989,ART0000804,2.0,15.103750000000002,4.0,120.83000000000001,1.0,9.442999999999998,10.0,94.42999999999998
146,ART0002015,ART0000845,1.0,104.65,1.0,104.65,1.0,74.08,1.0,74.08
147,ART0002020,ART0000812,1.5,29.689999999999998,2.0,89.07,1.5,18.461111111111112,6.0,166.15
148,ART0002070,ART0000845,1.0,187.9,1.0,187.9,1.0,74.76,1.0,74.76
149,ART0002120,ART0000812,1.5,4.196666666666666,2.0,12.59,1.5,7.9144444444444435,6.0,71.22999999999999
150,ART0002124,ART0000830,8.0,14.287500000000001,1.0,114.30000000000001,2.0,8.25,1.0,16.5
151,ART0002339,ART0005136,0.00980392156862745,463.1,102.0,463.1,,,,
152,ART0002360,ART0005136,0.00980392156862745,218.41,102.0,218.41,,,,
153,ART0002475,ART0002511,1.0,24.45,1.0,24.45,,,,
154,ART0002490,ART0000778,3.3333333333333335,20.758999999999997,3.0,207.58999999999997,2.0,18.71,1.0,37.42
155,ART0002490,ART0000782,7.4,21.827567567567574,5.0,807.6200000000002,3.6,17.97611111111111,5.0,323.57
156,ART0002503,ART0000849,1.5555555555555556,19.0,9.0,266.0,1.0,22.54,1.0,22.54
157,ART0002504,ART0000783,6.4,43.4209375,5.0,1389.47,2.6666666666666665,33.578125,6.0,537.25
158,ART0002504,ART0000786,3.0,39.215,2.0,235.29000000000002,2.6666666666666665,31.0075,3.0,248.06
159,ART0002544,ART0005136,0.00980392156862745,311.5,102.0,311.5,,,,
160,ART0002553,ART0000826,1.0,43.75,1.0,43.75,1.6666666666666667,49.134,3.0,245.67000000000002
161,ART0002554,ART0000826,1.0,61.17,1.0,61.17,1.6666666666666667,53.774,3.0,268.87
162,ART0002608,ART0000841,1.0,204.5,1.0,204.5,1.0,356.3,1.0,356.3
163,ART0002609,ART0000841,1.0,83.0,1.0,83.0,1.0,137.72,1.0,137.72
164,ART0003831,ART0000772,9.0,2.876666666666667,1.0,25.89,7.5,2.5753333333333335,2.0,38.63
165,ART0003831,ART0000778,10.0,2.876,3.0,86.28,6.0,2.876666666666667,1.0,17.26
166,ART0003831,ART0000779,8.0,2.875,2.0,46.0,2.0,2.5,2.0,10.0
167,ART0003831,ART0000782,14.8,2.875,5.0,212.75,7.2,2.6666666666666665,5.0,96.0
168,ART0003831,ART0000783,19.2,2.875208333333333,5.0,276.02,8.0,2.59375,6.0,124.5
169,ART0003831,ART0000784,9.0,2.8753333333333337,5.0,129.39000000000001,4.2,2.5,5.0,52.5
170,ART0003831,ART0000786,9.0,2.8761111111111117,2.0,51.77000000000001,8.0,2.7191666666666663,3.0,65.25999999999999
171,ART0003831,ART0000788,4.0,2.875,1.0,11.5,8.0,2.6875,1.0,21.5
172,ART0003831,ART0000790,10.0,2.8760000000000003,1.0,28.76,5.0,2.5,1.0,12.5
173,ART0003831,ART0005136,0.049019607843137254,2.8760000000000003,102.0,14.38,,,,
174,ART0003832,ART0000795,12.454545454545455,2.8562043795620435,22.0,782.5999999999999,11.894736842105264,2.6276991150442477,19.0,593.86
175,ART0003832,ART0000796,3.0,2.8000000000000003,2.0,16.8,3.0,2.8699999999999997,1.0,8.61
176,ART0003832,ART0000797,6.0,2.8000000000000003,1.0,16.8,3.0,2.5,1.0,7.5
177,ART0003832,ART0000804,4.0,2.8525,4.0,45.64,2.0,2.685,10.0,53.7
178,ART0003832,ART0000805,4.5,2.8699999999999997,2.0,25.83,6.0,2.5,1.0,15.0
179,ART0003832,ART0000811,23.333333333333332,2.8400000000000003,6.0,397.6,10.0,2.5925000000000002,4.0,103.7
180,ART0003832,ART0000812,7.5,2.8699999999999997,2.0,43.05,7.5,2.7466666666666666,6.0,123.6
181,ART0003832,ART0000814,4.0,2.87,1.0,11.48,4.0,2.5,1.0,10.0
182,ART0003832,ART0000825,9.0,2.8699999999999997,2.0,51.66,5.0,2.6,3.0,39.0
183,ART0003832,ART0001017,3.0,2.8699999999999997,1.0,8.61,6.0,2.75,1.0,16.5
184,ART0003832,ART0001018,6.0,2.8349999999999995,1.0,17.009999999999998,3.0,2.8699999999999997,1.0,8.61
185,ART0003833,ART0000843,3.0,6.095,2.0,36.57,3.0,6.63,2.0,39.78
186,ART0003833,ART0000845,4.0,6.095,1.0,24.38,4.0,6.095,1.0,24.38
187,ART0003834,ART0000826,4.0,5.1775,1.0,20.71,6.666666666666667,5.040000000000001,3.0,100.80000000000001
188,ART0003834,ART0000830,28.0,5.175714285714285,1.0,144.92,7.0,5.175714285714285,1.0,36.23
189,ART0003836,ART0000841,11.0,5.5,1.0,60.5,11.0,5.649090909090909,1.0,62.14
190,ART0003837,ART0000841,1.0,1.03,1.0,1.03,1.0,1.03,1.0,1.03
191,ART0003838,ART0000847,61.0,1.4954262295081973,10.0,912.2100000000003,15.0,1.43,2.0,42.9
192,ART0003839,ART0000853,11.8,5.72457627118644,20.0,1351.0,10.666666666666666,5.0,15.0,800.0
193,ART0003840,ART0000753,2.0,6.529999999999999,10.0,130.6,2.0,6.529999999999999,10.0,130.6
194,ART0003841,ART0000784,6.0,7.574666666666667,5.0,227.24,2.8,4.75,5.0,66.5
195,ART0003940,ART0004099,1.5,261.76666666666665,2.0,785.3,1.0,282.39,1.0,282.39
196,ART0003940,ART0004104,1.6666666666666667,171.79000000000002,3.0,858.95,1.0,210.1825,4.0,840.73
197,ART0003951,ART0004084,1.0,707.51,1.0,707.51,,,,
198,ART0004015,ART0004099,1.5,58.426666666666655,2.0,175.27999999999997,3.0,59.42666666666667,1.0,178.28
199,ART0004146,ART0004084,1.0,68.1,1.0,68.1,,,,
200,ART0004146,ART0004099,1.0,68.095,2.0,136.19,,,,
201,ART0004146,ART0004104,0.6666666666666666,68.095,3.0,136.19,,,,
202,ART0004147,ART0004099,0.5,26.5,2.0,26.5,2.0,20.15,1.0,40.3
203,ART0004147,ART0004104,1.0,15.5,3.0,46.5,1.0,26.5,4.0,106.0
204,ART0004147,ART0005136,0.00980392156862745,15.5,102.0,15.5,,,,
205,ART0004148,ART0003984,1.0,14.903333333333334,6.0,89.42,,,,
206,ART0004148,ART0004099,0.5,5.56,2.0,5.56,2.0,7.84,1.0,15.68
207,ART0004148,ART0004104,1.0,14.903333333333334,3.0,44.71,1.0,5.5575,4.0,22.23
208,ART0004148,ART0005136,0.00980392156862745,14.9,102.0,14.9,,,,
209,ART0004149,ART0004099,0.5,4.44,2.0,4.44,2.0,4.91,1.0,9.82
210,ART0004149,ART0004104,1.0,2.6,3.0,7.8,1.0,4.44,4.0,17.76
211,ART0004149,ART0005136,0.00980392156862745,1.73,102.0,1.73,,,,
212,ART0004150,ART0004099,0.5,2.78,2.0,2.78,2.0,1.39,1.0,2.78
213,ART0004150,ART0004104,1.0,2.783333333333333,3.0,8.35,1.0,2.7825,4.0,11.13
214,ART0004150,ART0005136,0.00980392156862745,2.78,102.0,2.78,,,,
215,ART0004151,ART0004099,0.5,2.67,2.0,2.67,2.0,2.67,1.0,5.34
216,ART0004151,ART0004104,1.0,2.5233333333333334,3.0,7.57,1.0,2.665,4.0,10.66
217,ART0004151,ART0005136,0.00980392156862745,2.52,102.0,2.52,,,,
218,ART0004152,ART0004099,0.5,16.36,2.0,16.36,2.0,18.07,1.0,36.14
219,ART0004152,ART0004104,1.0,16.36,3.0,49.08,1.0,16.36,4.0,65.44
220,ART0004152,ART0005136,0.00980392156862745,16.36,102.0,16.36,,,,
221,ART0004153,ART0004099,0.5,9.78,2.0,9.78,2.0,12.275,1.0,24.55
222,ART0004153,ART0004104,1.0,9.6,3.0,28.8,1.0,9.7825,4.0,39.13
223,ART0004153,ART0005136,0.00980392156862745,9.6,102.0,9.6,,,,
224,ART0004154,ART0004084,2.0,0.4,1.0,0.8,,,,
225,ART0004154,ART0004099,3.0,0.3833333333333333,2.0,2.3,4.0,0.175,1.0,0.7
226,ART0004154,ART0004104,3.3333333333333335,0.37,3.0,3.7,2.0,0.35,4.0,2.8
227,ART0004154,ART0005136,0.00980392156862745,0.35,102.0,0.35,,,,
228,ART0004155,ART0004099,0.5,1.35,2.0,1.35,2.0,1.35,1.0,2.7
229,ART0004155,ART0004104,1.0,1.3499999999999999,3.0,4.05,1.0,1.35,4.0,5.4
230,ART0004155,ART0005136,0.00980392156862745,1.35,102.0,1.35,,,,
231,ART0004156,ART0004099,0.5,4.15,2.0,4.15,2.0,4.15,1.0,8.3
232,ART0004156,ART0004104,1.0,1.25,3.0,3.75,1.0,4.1525,4.0,16.61
233,ART0004156,ART0005136,0.00980392156862745,1.25,102.0,1.25,,,,
234,ART0004157,ART0004084,1.0,20.7,1.0,20.7,,18.0,0.0,18.0
235,ART0004157,ART0004104,1.6666666666666667,20.7,3.0,103.5,1.0,20.7,4.0,82.8
236,ART0004157,ART0005136,0.00980392156862745,20.7,102.0,20.7,,,,
237,ART0004158,ART0004084,1.0,12.04,1.0,12.04,,8.93,0.0,8.93
238,ART0004158,ART0004104,0.6666666666666666,12.04,3.0,24.08,,,,
239,ART0004158,ART0005136,0.00980392156862745,12.04,102.0,12.04,,,,
240,ART0004159,ART0004084,1.0,0.7,1.0,0.7,,0.0,0.0,0.0
241,ART0004159,ART0004099,1.5,0.6999999999999998,2.0,2.0999999999999996,2.0,0.3,1.0,0.6
242,ART0004159,ART0004104,1.6666666666666667,0.7,3.0,3.5,1.0,0.6,4.0,2.4
243,ART0004159,ART0005136,0.00980392156862745,0.7,102.0,0.7,,,,
244,ART0004160,ART0004099,1.5,29.560000000000002,2.0,88.68,2.0,18.28,1.0,36.56
245,ART0004160,ART0004104,1.6666666666666667,32.254000000000005,3.0,161.27,1.0,24.1675,4.0,96.67
246,ART0004161,ART0004099,1.5,19.233333333333334,2.0,57.7,2.0,12.88,1.0,25.76
247,ART0004161,ART0004104,1.6666666666666667,14.0,3.0,70.0,1.0,15.385,4.0,61.54
248,ART0004168,ART0004084,1.0,15.61,1.0,15.61,,0.0,0.0,0.0
249,ART0004168,ART0004104,0.6666666666666666,15.61,3.0,31.22,,,,
250,ART0004174,ART0004084,1.0,9.09,1.0,9.09,,15.72,0.0,15.72
251,ART0004174,ART0004104,0.6666666666666666,9.09,3.0,18.18,,,,
252,ART0004176,ART0004084,1.0,23.35,1.0,23.35,,0.0,0.0,0.0
253,ART0004198,ART0004084,1.0,31.26,1.0,31.26,,0.0,0.0,0.0
254,ART0004198,ART0004099,1.5,29.293333333333333,2.0,87.88,2.0,11.995,1.0,23.99
255,ART0004198,ART0004104,1.6666666666666667,25.55,3.0,127.75,1.0,25.3625,4.0,101.45
256,ART0004198,ART0005136,0.00980392156862745,25.08,102.0,25.08,,,,
257,ART0005137,ART0000772,3.0,0.0,1.0,0.0,2.5,0.0,2.0,0.0
258,ART0005137,ART0000779,4.0,0.0,2.0,0.0,1.0,0.0,2.0,0.0
259,ART0005137,ART0000788,2.0,0.0,1.0,0.0,4.0,0.0,1.0,0.0
260,ART0005137,ART0000790,2.0,0.0,1.0,0.0,1.0,0.0,1.0,0.0
261,ART0005137,ART0000795,6.2272727272727275,0.0,22.0,0.0,5.947368421052632,0.0,19.0,0.0
262,ART0005138,ART0000779,4.0,0.0,2.0,0.0,1.0,0.0,2.0,0.0
263,ART0005138,ART0000788,2.0,0.0,1.0,0.0,4.0,0.0,1.0,0.0
264,ART0005138,ART0000790,2.0,0.0,1.0,0.0,1.0,0.0,1.0,0.0
265,ART0005139,ART0000778,3.0,0.32222222222222224,3.0,2.9000000000000004,,,,
266,ART0005139,ART0000779,4.0,0.32,2.0,2.56,1.0,0.32,2.0,0.64
267,ART0005139,ART0000780,1.0,0.32,1.0,0.32,1.0,0.32,2.0,0.64
268,ART0005139,ART0000782,7.4,0.32054054054054065,5.0,11.860000000000005,3.6,0.3211111111111111,5.0,5.78
269,ART0005139,ART0000783,6.4,0.3221875,5.0,10.31,2.6666666666666665,0.32125,6.0,5.14
270,ART0005139,ART0000784,3.0,0.3226666666666667,5.0,4.840000000000001,1.4,0.32142857142857145,5.0,2.25
271,ART0005139,ART0000786,3.0,0.32,2.0,1.9200000000000002,2.6666666666666665,0.28375,3.0,2.27
272,ART0005139,ART0000788,2.0,0.32,1.0,0.64,4.0,0.32,1.0,1.28
273,ART0005140,ART0000753,3.0,1.725,10.0,51.75,3.0,1.725,10.0,51.75
274,ART0005140,ART0000756,15.0,1.7242666666666666,5.0,129.32,5.769230769230769,1.6049333333333333,13.0,120.37
275,ART0005140,ART0000757,4.0,1.725,1.0,6.9,4.0,1.5,1.0,6.0
276,ART0005140,ART0000758,15.0,1.7248888888888887,3.0,77.61999999999999,4.8,1.5,10.0,72.0
277,ART0005140,ART0000762,6.0,1.725,10.0,103.5,15.75,1.5214285714285714,20.0,479.25
278,ART0005140,ART0000765,3.0,1.7266666666666666,1.0,5.18,3.0,1.5,1.0,4.5
279,ART0005140,ART0000769,3.0,1.7233333333333334,1.0,5.17,3.0,1.5,3.0,13.5
280,ART0005141,ART0000753,1.0,0.513,10.0,5.13,1.0,0.513,10.0,5.13
281,ART0005141,ART0000756,5.0,0.3232,5.0,8.08,1.9230769230769231,0.196,13.0,4.9
282,ART0005142,ART0002228,92.0,0.0633695652173913,2.0,11.66,,,,
283,ART0005142,ART0002238,26.571428571428573,0.06462365591397849,7.0,12.02,16.0,0.06,1.0,0.96
284,ART0005142,ART0002385,83.33333333333333,0.06709333333333334,18.0,100.64,,,,
285,ART0005142,ART0002517,18.0,0.06685185185185184,3.0,3.61,,,,
286,ART0005142,ART0003101,14.0625,0.06337777777777778,16.0,14.26,10.0,0.060142857142857144,7.0,4.21
287,ART0005142,ART0005109,29.0,0.06706896551724138,6.0,11.67,,,,
288,ART0005144,ART0001441,16.0,0.7778125,2.0,24.89,15.0,0.7776666666666666,2.0,23.33
289,ART0005144,ART0001493,33.333333333333336,0.7778,3.0,77.78,46.0,0.7639130434782608,1.0,35.14
290,ART0005144,ART0001497,11.0,0.777878787878788,3.0,25.67,,,,
291,ART0005144,ART0001534,16.0,0.7775,2.0,24.88,8.0,0.75,2.0,12.0
292,ART0005145,ART0000772,3.0,0.0,1.0,0.0,2.5,0.0,2.0,0.0
293,ART0005145,ART0000805,1.5,0.0,2.0,0.0,2.0,0.0,1.0,0.0
294,ART0005146,ART0000772,3.0,0.21333333333333335,1.0,0.64,2.5,0.0,2.0,0.0
295,ART0005148,ART0002148,35.0,0.126,6.0,26.46,,,,
296,ART0005149,ART0000757,1.0,0.0,1.0,0.0,1.0,0.0,1.0,0.0
297,ART0005149,ART0000758,5.0,0.0,3.0,0.0,1.6,0.0,10.0,0.0
298,ART0005149,ART0000762,2.0,0.0,10.0,0.0,5.25,0.0,20.0,0.0
299,ART0005149,ART0000765,1.0,0.0,1.0,0.0,1.0,0.0,1.0,0.0
300,ART0005149,ART0000769,1.0,0.0,1.0,0.0,1.0,0.0,3.0,0.0
301,ART0005150,ART0000752,7.0,0.0,10.0,0.0,5.333333333333333,0.0,6.0,0.0
302,ART0005150,ART0000762,2.0,0.0,10.0,0.0,5.25,0.0,20.0,0.0
303,ART0005150,ART0000765,1.0,0.0,1.0,0.0,1.0,0.0,1.0,0.0
304,ART0005151,ART0000762,2.0,0.1565,10.0,3.13,5.25,0.14704761904761907,20.0,15.440000000000001
305,ART0005151,ART0000765,1.0,0.21,1.0,0.21,1.0,0.15,1.0,0.15
306,ART0005152,ART0000795,6.2272727272727275,0.0,22.0,0.0,5.947368421052632,0.0,19.0,0.0
307,ART0005152,ART0000796,1.0,0.0,2.0,0.0,1.0,0.0,1.0,0.0
308,ART0005153,ART0000795,6.2272727272727275,0.3424817518248174,22.0,46.91999999999998,5.947368421052632,0.364070796460177,19.0,41.14
309,ART0005154,ART0000226,62.333333333333336,0.06016042780748663,12.0,45.0,,,,
310,ART0005154,ART0002010,23.0,0.059130434782608696,3.0,4.08,,,,
311,ART0005154,ART0002214,41.0,0.05914634146341463,2.0,4.85,56.0,0.05482142857142857,2.0,6.14
312,ART0005154,ART0002517,14.333333333333334,0.05906976744186047,3.0,2.54,16.0,0.055625,1.0,0.89
313,ART0005154,ART0002617,36.0,0.0625,2.0,4.5,35.0,0.054285714285714284,2.0,3.8
314,ART0005154,ART0003610,49.0,0.05978723404255319,47.0,137.69,59.166666666666664,0.05349389671361503,180.0,569.71
315,ART0005154,ART0005109,8.666666666666666,0.05903846153846153,6.0,3.07,,,,
316,ART0005160,ART0000125,46.0,0.22739130434782612,2.0,20.92,61.0,0.21371584699453552,3.0,39.11
317,ART0005160,ART0001214,17.0,0.23294117647058823,2.0,7.92,140.0,0.21914285714285714,1.0,30.68
318,ART0005160,ART0002042,19.333333333333332,0.2381896551724138,6.0,27.630000000000003,30.0,0.21371428571428572,7.0,44.88
319,ART0005160,ART0002141,160.0,0.23293749999999996,2.0,74.53999999999999,63.0,0.21365079365079367,1.0,13.46
320,ART0005160,ART0002142,64.0,0.23296875,2.0,29.82,64.0,0.21375,1.0,13.68
321,ART0005160,ART0002615,34.0,0.23294117647058826,3.0,23.76,25.0,0.21359999999999998,1.0,5.34
322,ART0005161,ART0001741,72.0,0.16560185185185186,3.0,35.77,140.0,0.1405357142857143,2.0,39.35
323,ART0005161,ART0002555,32.0,0.165625,4.0,21.2,30.0,0.137,2.0,8.22
324,ART0005161,ART0004410,134.0,0.16203358208955224,4.0,86.85,130.0,0.14053846153846153,2.0,36.54
325,ART0005161,ART0005136,1.9607843137254901,0.13695000000000002,102.0,27.39,,,,
326,ART0005163,ART0001017,1.0,0.53,1.0,0.53,2.0,0.53,1.0,1.06
327,ART0005165,ART0002829,21.0,0.6098412698412699,6.0,76.84,35.0,0.529047619047619,12.0,222.2
328,ART0005166,ART0001180,112.8,0.008014184397163119,10.0,9.04,87.5,0.008019047619047618,6.0,4.21
329,ART0005168,ART0002886,37.333333333333336,0.09098214285714286,3.0,10.19,82.5,0.09339393939393939,2.0,15.41
330,ART0005172,ART0000555,152.33333333333334,0.026630196936542668,3.0,12.17,80.0,0.016625,1.0,1.33
331,ART0005172,ART0004386,71.13888888888889,0.023900819992190552,36.0,61.21,57.857142857142854,0.01665432098765432,28.0,26.98
332,ART0005172,ART0005136,1.0490196078431373,0.01953271028037383,102.0,2.09,4.901960784313726,0.016640000000000002,51.0,4.16
333,ART0005176,ART0005136,9.754901960784315,0.0,102.0,0.0,2.764705882352941,0.0,51.0,0.0
334,ART0005181,ART0001637,215.0,0.005308139534883721,8.0,9.13,860.0,0.005203488372093023,4.0,17.9
335,ART0005181,ART0005136,2.9607843137254903,0.005397350993377483,102.0,1.63,,,,
336,ART0005185,ART0003780,108.0,0.012232905982905983,26.0,34.35,108.0,0.010533509700176366,42.0,47.78
337,ART0005185,ART0005136,19.725490196078432,0.012231610337972166,102.0,24.61,,,,
338,ART0005186,ART0000690,64.42857142857143,0.03869179600886918,7.0,17.45,,,,
339,ART0005186,ART0001252,328.3333333333333,0.03186802030456853,3.0,31.39,,,,
340,ART0005186,ART0001733,42.0,0.03474603174603175,15.0,21.89,,,,
341,ART0005186,ART0002172,40.0,0.028687499999999998,4.0,4.59,40.0,0.027625,2.0,2.21
342,ART0005186,ART0002249,36.666666666666664,0.03140909090909091,6.0,6.91,,,,
343,ART0005186,ART0004889,37.707692307692305,0.04197878416972664,65.0,102.89,,,,
344,ART0005186,ART0005091,40.0,0.027625,4.0,4.42,,,,
345,ART0005187,ART0003609,86.625,0.5795238095238096,8.0,401.61,68.72727272727273,0.5886772486772486,22.0,890.0799999999999
346,ART0005188,ART0003642,59.71052631578947,0.012798589687086822,38.0,29.04,52.5,0.012796536796536796,22.0,14.78
347,ART0005188,ART0003782,178.0,0.01401685393258427,4.0,9.98,178.0,0.014073033707865168,4.0,10.02
348,ART0005189,ART0003612,8.6,0.1974127906976744,40.0,67.91,,,,
349,ART0005189,ART0003613,43.0,0.2059080841638981,42.0,371.87,41.0,0.1974390243902439,4.0,32.38
350,ART0005190,ART0003309,12.0,0.10141666666666667,10.0,12.17,17.923076923076923,0.09725321888412015,13.0,22.659999999999997
351,ART0005190,ART0003310,7.0,0.10142857142857142,20.0,14.2,7.3,0.09726027397260273,20.0,14.2
352,ART0005191,ART0003580,70.18181818181819,0.14871761658031088,11.0,114.81,55.0,0.15009090909090908,10.0,82.55
353,ART0005192,ART0003578,60.0,0.0395,4.0,9.48,60.0,0.03966666666666667,10.0,23.8
354,ART0005193,ART0004403,54.0,0.05557870370370371,24.0,72.03,50.0,0.055584615384615385,26.0,72.26
355,ART0005194,ART0002502,23.0,0.2022360248447205,14.0,65.12,,,,
356,ART0005204,ART0002026,13.0,0.23923076923076922,2.0,6.22,,,,
357,ART0005204,ART0002958,36.0,0.23916666666666664,2.0,17.22,,,,
358,ART0005206,ART0005136,0.0784313725490196,0.0,102.0,0.0,,,,
359,ART0005209,ART0000625,433.8,0.05571692023974181,5.0,120.85,482.5,0.09618031088082901,10.0,464.07
360,ART0005211,ART0000635,0.4,3.0,10.0,12.0,2.0,3.0,10.0,60.0
361,ART0005213,ART0000628,356.0,0.12933426966292136,10.0,460.43,355.0,0.08199487836107554,11.0,320.19
362,ART0005213,ART0001095,20.0,0.12987500000000002,4.0,10.39,15.0,0.082,1.0,1.23
363,ART0005214,ART0001743,674.0,0.13521760633036595,3.0,273.40999999999997,510.0,0.10928104575163398,3.0,167.2
364,ART0005214,ART0001817,322.0,0.16145186335403724,4.0,207.95,,,,
365,ART0005216,ART0000116,1.0,0.0,3.0,0.0,,,,
366,ART0005216,ART0000690,1.4285714285714286,0.0,7.0,0.0,,,,
367,ART0005216,ART0000697,0.38461538461538464,0.0,13.0,0.0,,,,
368,ART0005216,ART0001046,0.42857142857142855,0.0,14.0,0.0,,,,
369,ART0005216,ART0001174,0.16666666666666666,0.0,6.0,0.0,,,,
370,ART0005216,ART0001497,1.6666666666666667,0.0,3.0,0.0,,,,
371,ART0005216,ART0001520,0.6,0.0,15.0,0.0,,,,
372,ART0005216,ART0001587,0.5,0.0,6.0,0.0,,,,
373,ART0005216,ART0001593,0.5,0.0,4.0,0.0,,,,
374,ART0005216,ART0001610,0.08333333333333333,0.0,12.0,0.0,,,,
375,ART0005216,ART0002010,0.6666666666666666,0.0,3.0,0.0,,,,
376,ART0005216,ART0002141,0.5,0.0,2.0,0.0,,,,
377,ART0005216,ART0002142,1.0,0.0,2.0,0.0,,,,
378,ART0005216,ART0002152,1.0,0.0,8.0,0.0,,,,
379,ART0005216,ART0002172,1.75,0.0,4.0,0.0,,,,
380,ART0005216,ART0002476,1.4,0.0,15.0,0.0,,,,
381,ART0005216,ART0002552,0.4,0.0,10.0,0.0,1.6,0.0,5.0,0.0
382,ART0005216,ART0002598,0.6,0.0,5.0,0.0,,,,
383,ART0005216,ART0002628,2.0,0.0,2.0,0.0,,,,
384,ART0005216,ART0002829,1.0,0.0,6.0,0.0,,,,
385,ART0005216,ART0002836,0.14285714285714285,0.0,21.0,0.0,,,,
386,ART0005216,ART0002886,1.0,0.0,3.0,0.0,,,,
387,ART0005216,ART0002909,1.0,0.0,18.0,0.0,,,,
388,ART0005216,ART0002938,1.0,0.0,1.0,0.0,,,,
389,ART0005216,ART0002949,1.0,0.0,1.0,0.0,,,,
390,ART0005216,ART0003164,1.0,0.0,4.0,0.0,,,,
391,ART0005216,ART0003982,0.5,0.0,2.0,0.0,,,,
392,ART0005216,ART0004169,0.14285714285714285,0.0,14.0,0.0,,,,
393,ART0005216,ART0004202,3.5,0.0,2.0,0.0,,,,
394,ART0005216,ART0004889,0.07692307692307693,0.0,65.0,0.0,,,,
395,ART0005216,ART0005011,1.0,0.0,2.0,0.0,,,,
396,ART0005216,ART0005030,2.0,0.0,1.0,0.0,,,,
397,ART0005216,ART0005109,0.3333333333333333,0.0,6.0,0.0,,,,
398,ART0005216,ART0005136,0.39215686274509803,0.0,102.0,0.0,1.0392156862745099,0.0,51.0,0.0
399,ART0005218,ART0001253,662.0,0.008836858006042296,1.0,5.85,670.0,0.008835820895522388,1.0,5.92
400,ART0005222,ART0000848,21.2,2.291289308176101,15.0,728.6300000000001,15.0,2.0233333333333334,15.0,455.25
401,ART0005222,ART0000850,6.0,2.3,5.0,69.0,2.0,1.421875,8.0,22.75
402,ART0005223,ART0000850,3.0,0.11200000000000002,5.0,1.6800000000000002,1.0,0.11250000000000002,8.0,0.9000000000000001
403,ART0005224,ART0000456,24.8,0.05600806451612903,20.0,27.78,14.0,0.056,10.0,7.84
404,ART0005224,ART0002476,30.6,0.05599128540305011,15.0,25.7,15.0,0.056,15.0,12.6
405,ART0005225,ART0000757,1.0,0.0,1.0,0.0,1.0,0.0,1.0,0.0
406,ART0005225,ART0000758,5.0,0.0,3.0,0.0,1.6,0.0,10.0,0.0
407,ART0005225,ART0000769,1.0,0.0,1.0,0.0,1.0,0.0,3.0,0.0
408,ART0005226,ART0000757,1.0,0.2,1.0,0.2,1.0,0.2,1.0,0.2
409,ART0005226,ART0000758,5.0,0.19666666666666666,3.0,2.9499999999999997,1.6,0.18,10.0,2.88
410,ART0005226,ART0000769,1.0,0.2,1.0,0.2,1.0,0.06999999999999999,3.0,0.21
411,ART0005226,ART0000849,1.5555555555555556,0.19571428571428573,9.0,2.74,1.0,0.01,1.0,0.01
412,ART0005227,ART0001739,111.25,0.17440449438202246,4.0,77.61,120.0,0.1118888888888889,3.0,40.28
413,ART0005229,ART0001154,126.0,0.006666666666666666,27.0,22.68,292.5,0.0075370940170940166,50.0,110.22999999999999
414,ART0005230,ART0001188,59.0,0.01937853107344633,3.0,3.43,60.0,0.0195,1.0,1.17
415,ART0005231,ART0002145,42.0,0.22952380952380955,1.0,9.64,80.0,0.2205,1.0,17.64
416,ART0005231,ART0002366,3.625,0.22034482758620688,8.0,6.39,,,,
417,ART0005231,ART0002586,26.0,0.2205128205128205,3.0,17.2,50.0,0.22039999999999998,1.0,11.02
418,ART0005232,ART0002598,10.4,0.10961538461538461,5.0,5.7,37.5,0.10746666666666667,2.0,8.06
419,ART0005233,ART0003989,130.0,0.008846153846153846,2.0,2.3,160.0,0.0089375,1.0,1.43
420,ART0005233,ART0004880,38.333333333333336,0.008869565217391304,12.0,4.08,56.666666666666664,0.008919117647058824,24.0,12.13
421,ART0005233,ART0005136,1.9607843137254901,0.0089,102.0,1.78,,,,
422,ART0005235,ART0002997,1.0,95.0,2.0,190.0,1.0,95.0,2.0,190.0
423,ART0005236,ART0003197,1.0,18.0,4.0,72.0,1.0,12.0,3.0,36.0
424,ART0005239,ART0001244,207.0,0.154975845410628,1.0,32.08,405.0,0.15498765432098766,1.0,62.769999999999996
425,ART0005241,ART0001433,50.0,0.0044800000000000005,20.0,4.48,,,,
426,ART0005242,ART0000748,14.25,1.5400701754385966,80.0,1755.68,7.96,1.3644974874371858,50.0,543.0699999999999
427,ART0005242,ART0000749,6.0,1.3966666666666667,1.0,8.38,6.0,1.28,2.0,15.36
428,ART0005242,ART0000752,14.0,1.530214285714286,10.0,214.23000000000005,10.666666666666666,1.28,6.0,81.92
429,ART0005243,ART0000748,7.125,0.11201754385964915,80.0,63.850000000000016,3.98,0.11201005025125628,50.0,22.29
430,ART0005243,ART0000749,2.0,0.11,1.0,0.22,2.0,0.1125,2.0,0.45
431,ART0005247,ART0001228,268.4,0.0037680079483358177,15.0,15.170000000000002,470.0,0.0023829787234042553,1.0,1.12
432,ART0005247,ART0001261,43.6,0.0023853211009174312,5.0,0.52,220.0,0.0023636363636363638,1.0,0.52
433,ART0005247,ART0001263,482.0,0.002365145228215768,5.0,5.7,385.0,0.0023636363636363633,1.0,0.9099999999999999
434,ART0005249,ART0001214,139.0,0.07500000000000001,2.0,20.85,,,,
435,ART0005249,ART0002271,70.2,0.07341880341880343,5.0,25.770000000000003,105.0,0.053785714285714284,4.0,22.59
436,ART0005251,ART0004084,1.0,0.0,1.0,0.0,,0.0,0.0,0.0
437,ART0005251,ART0004099,1.5,0.0,2.0,0.0,2.0,0.0,1.0,0.0
438,ART0005251,ART0004104,1.6666666666666667,0.0,3.0,0.0,1.0,0.0,4.0,0.0
439,ART0005252,ART0004084,1.0,0.0,1.0,0.0,,0.0,0.0,0.0
440,ART0005252,ART0004099,1.5,0.0,2.0,0.0,2.0,0.0,1.0,0.0
441,ART0005252,ART0004104,1.6666666666666667,0.0,3.0,0.0,1.0,0.0,4.0,0.0
442,ART0005255,ART0004084,1.0,0.0,1.0,0.0,,0.0,0.0,0.0
443,ART0005255,ART0004099,1.5,0.0,2.0,0.0,4.0,0.0,1.0,0.0
444,ART0005255,ART0004104,1.6666666666666667,0.0,3.0,0.0,1.0,0.0,4.0,0.0
445,ART0005256,ART0004084,1.0,0.0,1.0,0.0,,0.0,0.0,0.0
446,ART0005256,ART0004099,1.5,0.0,2.0,0.0,4.0,0.0,1.0,0.0
447,ART0005256,ART0004104,1.6666666666666667,0.0,3.0,0.0,1.0,0.0,4.0,0.0
448,ART0005257,ART0004099,1.5,8.45,2.0,25.349999999999998,2.0,4.225,1.0,8.45
449,ART0005257,ART0004104,2.6666666666666665,8.45,3.0,67.6,2.0,8.45,4.0,67.6
450,ART0005258,ART0004099,1.5,6.266666666666666,2.0,18.799999999999997,2.0,2.8,1.0,5.6
451,ART0005258,ART0004104,1.6666666666666667,6.5760000000000005,3.0,32.88,1.0,5.6,4.0,22.4
452,ART0005259,ART0004099,0.5,1.0,2.0,1.0,2.0,2.0,1.0,4.0
453,ART0005259,ART0004104,1.0,1.0,3.0,3.0,1.0,2.0,4.0,8.0
454,ART0005259,ART0005136,0.00980392156862745,1.0,102.0,1.0,,,,
455,ART0005260,ART0003935,110.0,0.5086969696969698,6.0,335.74,146.66666666666666,0.4268409090909091,3.0,187.81
456,ART0005261,ART0000804,2.0,0.0,4.0,0.0,1.0,0.0,10.0,0.0
457,ART0005261,ART0000805,1.5,0.0,2.0,0.0,2.0,0.0,1.0,0.0
458,ART0005261,ART0000811,4.666666666666667,0.0,6.0,0.0,2.0,0.0,4.0,0.0
459,ART0005261,ART0000812,1.5,0.0,2.0,0.0,1.5,0.0,6.0,0.0
460,ART0005261,ART0000814,1.0,0.0,1.0,0.0,1.0,0.0,1.0,0.0
461,ART0005262,ART0000804,2.0,0.0,4.0,0.0,1.0,0.0,10.0,0.0
462,ART0005262,ART0000811,4.666666666666667,0.0,6.0,0.0,2.0,0.0,4.0,0.0
463,ART0005262,ART0000812,1.5,0.0,2.0,0.0,1.5,0.0,6.0,0.0
464,ART0005262,ART0000814,1.0,0.0,1.0,0.0,1.0,0.0,1.0,0.0
465,ART0005263,ART0001214,210.5,0.11548693586698339,2.0,48.620000000000005,,,,
466,ART0005263,ART0001926,339.0,0.11548672566371682,3.0,117.45,85.0,0.12600980392156863,12.0,128.53
467,ART0005263,ART0002238,17.714285714285715,0.11548387096774194,7.0,14.32,,,,
468,ART0005271,ART0004084,2.0,8.905,1.0,17.81,,,,
469,ART0005271,ART0004099,3.0,8.936666666666667,2.0,53.620000000000005,2.0,8.81,1.0,17.62
470,ART0005271,ART0004104,3.3333333333333335,8.809999999999999,3.0,88.1,2.0,8.81,4.0,70.48
471,ART0005271,ART0005136,0.0196078431372549,8.81,102.0,17.62,,,,
472,ART0005279,ART0002895,280.0,0.09242857142857143,3.0,77.64,560.0,0.09242857142857143,1.0,51.76
473,ART0005279,ART0002896,280.0,0.0899047619047619,3.0,75.52,560.0,0.09242857142857143,1.0,51.76
474,ART0005279,ART0002996,550.0,0.08650909090909091,1.0,47.58,280.0,0.09242857142857143,2.0,51.76
475,ART0005280,ART0000805,1.5,8.75,2.0,26.25,2.0,8.75,1.0,17.5
476,ART0005281,ART0000805,3.0,3.7266666666666666,2.0,22.36,4.0,3.725,1.0,14.9
477,ART0005282,ART0000805,1.5,1.3166666666666667,2.0,3.95,2.0,1.32,1.0,2.64
478,ART0005283,ART0000752,7.0,0.08714285714285713,10.0,6.1,5.333333333333333,0.08718750000000001,6.0,2.7900000000000005
479,ART0005283,ART0000848,7.066666666666666,0.08745283018867925,15.0,9.27,5.0,0.0876,15.0,6.57
480,ART0005284,ART0000752,7.0,0.0,10.0,0.0,5.333333333333333,0.0,6.0,0.0
481,ART0005286,ART0000630,147.74418604651163,0.030280182590901938,43.0,192.37,182.07142857142858,0.029807767752059632,42.0,227.94
482,ART0005286,ART0004941,220.0,0.02986647727272727,16.0,105.13,225.0,0.030933333333333334,8.0,55.68
483,ART0005289,ART0000312,2.888888888888889,1.7507692307692306,45.0,227.6,2.6818181818181817,2.0,44.0,236.0
484,ART0005290,ART0000128,1.2,5.8,10.0,69.6,1.0,6.0,11.0,66.0
485,ART0005291,ART0002107,111.0,0.007672672672672673,12.0,10.22,196.25,0.007643312101910828,12.0,18.0
486,ART0005295,ART0001609,113.0,0.0007245575221238938,16.0,1.31,,,,
487,ART0005296,ART0001566,204.4,0.0004337899543378996,30.0,2.66,,,,
488,ART0005296,ART0001587,306.5,0.0004350190320826536,6.0,0.8,302.5,0.0003801652892561984,6.0,0.6900000000000001
489,ART0005296,ART0001588,113.0,0.0004277286135693215,6.0,0.29,,,,
490,ART0005296,ART0001593,34.0,0.00044117647058823526,4.0,0.06,133.0,0.00037593984962406017,4.0,0.2
491,ART0005296,ART0001610,592.4166666666666,0.00043184695456463637,12.0,3.07,245.0,0.0003775510204081633,4.0,0.37
492,ART0005296,ART0003263,61.0,0.0004371584699453552,3.0,0.08,60.0,0.0003333333333333333,1.0,0.02
493,ART0005296,ART0005136,15.441176470588236,0.0004317460317460318,102.0,0.68,,,,
494,ART0005300,ART0000782,24.8,0.02677419354838709,5.0,3.3199999999999994,14.4,0.02652777777777778,5.0,1.9100000000000001
495,ART0005301,ART0000826,1.0,0.0,1.0,0.0,1.6666666666666667,0.0,3.0,0.0
496,ART0005301,ART0000830,4.0,0.0,1.0,0.0,1.0,0.0,1.0,0.0
497,ART0005301,ART0000841,1.0,0.0,1.0,0.0,1.0,0.0,1.0,0.0
498,ART0005302,ART0000826,1.0,0.0,1.0,0.0,1.6666666666666667,0.0,3.0,0.0
499,ART0005305,ART0000783,1.6,0.02875,5.0,0.23,,,,
500,ART0005306,ART0002273,49.0,0.12316326530612245,2.0,12.07,,,,
501,ART0005311,ART0002238,38.857142857142854,0.10279411764705883,7.0,27.96,,,,
502,ART0005311,ART0002385,243.05555555555554,0.10661485714285714,18.0,466.44,215.0,0.07833302325581394,25.0,421.03999999999996
503,ART0005314,ART0001575,565.85,0.0004353332744249065,60.0,14.780000000000001,301.0,0.00035880398671096346,20.0,2.16
504,ART0005316,ART0001615,462.0,0.003922258297258297,24.0,43.489999999999995,310.0,0.004,28.0,34.72
505,ART0005318,ART0004420,14.0,0.027142857142857142,6.0,2.28,,,,
506,ART0005323,ART0002793,3.42,8.396491228070175,50.0,1435.8,1.6666666666666667,8.6,60.0,860.0
507,ART0005325,ART0001535,29.375,0.005361702127659574,16.0,2.52,25.0,0.0049,16.0,1.96
508,ART0005325,ART0001653,491.3333333333333,0.004936680235187698,9.0,21.830000000000002,428.3333333333333,0.004819714656290532,9.0,18.58
509,ART0005327,ART0000889,57.75,0.06774891774891775,4.0,15.65,,,,
510,ART0005328,ART0001739,62.0,0.20391129032258065,4.0,50.57,,,,
511,ART0005328,ART0002027,15.0,0.18933333333333333,4.0,11.36,12.0,0.164375,4.0,7.89
512,ART0005328,ART0002048,10.0,0.18062499999999998,16.0,28.9,,,,
513,ART0005328,ART0002867,16.0,0.1754513888888889,18.0,50.53,35.0,0.17542857142857143,10.0,61.4
514,ART0005329,ART0002306,44.0,0.043750000000000004,2.0,3.85,,,,
515,ART0005332,ART0000848,14.133333333333333,3.9499999999999997,15.0,837.4,10.0,3.2390000000000003,15.0,485.85
516,ART0005335,ART0003610,1.0,0.1376595744680851,47.0,6.47,1.25,0.14915555555555557,180.0,33.56
517,ART0005336,ART0003610,1.0,4.778297872340425,47.0,224.57999999999998,1.2,0.8,180.0,172.8
518,ART0005339,ART0000883,61.666666666666664,0.017837837837837836,3.0,3.3,,,,
519,ART0005340,ART0001249,530.0,0.010773584905660378,1.0,5.71,800.0,0.01076875,2.0,17.23
520,ART0005340,ART0001267,231.0,0.01077922077922078,1.0,2.49,235.0,0.01076595744680851,1.0,2.53
521,ART0005341,ART0001208,82.0,0.03201219512195122,2.0,5.25,,,,
522,ART0005342,ART0003135,1.0,3.5,4.0,14.0,1.0,27.0,4.0,108.0
523,ART0005346,ART0001520,28.866666666666667,0.24420323325635107,15.0,105.74000000000001,16.0,0.244375,1.0,3.91
524,ART0005350,ART0004202,0.5,13.81,2.0,13.81,,,,
525,ART0005351,ART0002882,50.0,0.1628,2.0,16.28,50.0,0.1628,1.0,8.14
526,ART0005352,ART0000765,1.0,186.0,1.0,186.0,1.0,186.0,1.0,186.0
527,ART0005353,ART0000765,1.0,41.7,1.0,41.7,1.0,41.7,1.0,41.7
528,ART0005354,ART0002740,366.3191489361702,0.030968809897194638,47.0,533.19,181.70212765957447,0.028724824355971897,47.0,245.31
529,ART0005356,ART0001628,67.0,0.0016169154228855723,6.0,0.65,91.0,0.0020183150183150185,30.0,5.510000000000001
530,ART0005357,ART0001659,449.0,0.002076837416481069,8.0,7.46,450.0,0.0020777777777777778,24.0,22.44
531,ART0005359,ART0002274,119.0,0.4028151260504202,2.0,95.87,,,,
532,ART0005359,ART0004202,6.5,0.4453846153846154,2.0,5.79,,,,
533,ART0005373,ART0000627,214.23529411764707,0.028478857770455793,17.0,103.72,225.0,0.042931555555555556,25.0,241.49
534,ART0005374,ART0004385,1.0,4.35,51.0,221.85,1.0,5.404878048780487,41.0,221.6
535,ART0005377,ART0000313,3.0,6.133333333333334,10.0,184.0,1.5833333333333333,10.042105263157895,12.0,190.8
536,ART0005381,ART0002494,1.0,20.5,3.0,61.5,,,,
537,ART0005383,ART0002747,90.0,0.6596666666666666,1.0,59.37,112.5,0.5915555555555555,2.0,133.1
538,ART0005383,ART0002918,62.666666666666664,0.620531914893617,3.0,116.66,53.333333333333336,0.6126875,3.0,98.03
539,ART0005383,ART0002919,46.333333333333336,0.6140287769784172,3.0,85.35,52.333333333333336,0.6088535031847134,3.0,95.59
540,ART0005383,ART0002938,16.0,0.59125,1.0,9.46,22.5,0.5915555555555555,2.0,26.619999999999997
541,ART0005383,ART0002949,29.0,0.6596551724137931,1.0,19.13,42.0,0.591547619047619,2.0,49.69
542,ART0005383,ART0002968,27.0,0.5914814814814815,2.0,31.94,,,,
543,ART0005385,ART0003195,360.0,0.002625,6.0,5.67,440.0,0.0026363636363636363,2.0,2.32
544,ART0005394,ART0002919,7.666666666666667,0.8339130434782609,3.0,19.18,,,,
545,ART0005394,ART0002961,22.0,0.8336363636363636,2.0,36.68,,,,
546,ART0005394,ART0002962,22.0,0.8336363636363636,2.0,36.68,,,,
547,ART0005394,ART0002963,20.0,0.83375,2.0,33.35,,,,
548,ART0005394,ART0002988,70.0,0.8337142857142857,2.0,116.72,70.0,0.8335714285714286,1.0,58.35
549,ART0005394,ART0002989,26.0,0.8337179487179487,3.0,65.03,,,,
550,ART0005395,ART0003277,86.0,0.010490956072351421,9.0,8.12,85.0,0.010502673796791444,11.0,9.82
551,ART0005398,ART0005136,0.0196078431372549,0.0,102.0,0.0,,,,
552,ART0005399,ART0000889,132.75,0.024821092278719398,4.0,13.18,67.5,0.025185185185185185,4.0,6.8
553,ART0005399,ART0003844,26.0,0.02480769230769231,10.0,6.45,37.333333333333336,0.025223214285714286,6.0,5.65
554,ART0005401,ART0005136,4.911764705882353,0.00019960079840319363,102.0,0.1,,,,
555,ART0005403,ART0004169,49.285714285714285,0.261463768115942,14.0,180.41,45.0,0.2137111111111111,10.0,96.17
556,ART0005403,ART0004175,41.0,0.26146341463414635,5.0,53.6,45.0,0.2137037037037037,3.0,28.85
557,ART0005405,ART0000882,146.0,0.007502283105022831,15.0,16.43,,,,
558,ART0005406,ART0000843,1.0,0.0,2.0,0.0,1.0,0.0,2.0,0.0
559,ART0005406,ART0000845,1.0,0.0,1.0,0.0,1.0,0.0,1.0,0.0
560,ART0005407,ART0000841,1.0,0.0,1.0,0.0,1.0,0.0,1.0,0.0
561,ART0005407,ART0000845,1.0,0.0,1.0,0.0,1.0,0.0,1.0,0.0
562,ART0005408,ART0000843,1.0,32.6,2.0,65.2,1.0,4.08,2.0,8.16
563,ART0005408,ART0000845,1.0,32.6,1.0,32.6,1.0,8.16,1.0,8.16
564,ART0005409,ART0000320,23.0,0.338804347826087,4.0,31.17,47.0,0.3387943262411347,3.0,47.769999999999996
565,ART0005411,ART0001203,465.0,0.11004301075268817,1.0,51.17,480.0,0.09066666666666667,1.0,43.52
566,ART0005411,ART0002370,105.0,0.10274603174603175,6.0,64.73,,,,
567,ART0005411,ART0002551,33.0,0.1101010101010101,3.0,10.9,,,,
568,ART0005412,ART0000778,0.3333333333333333,0.49,3.0,0.49,2.0,0.49,1.0,0.98
569,ART0005412,ART0000797,2.0,0.48,1.0,0.96,1.0,0.49,1.0,0.49
570,ART0005412,ART0000804,2.0,0.49,4.0,3.92,1.0,0.4879999999999999,10.0,4.879999999999999
571,ART0005412,ART0000814,1.0,0.49,1.0,0.49,1.0,0.49,1.0,0.49
572,ART0005416,ART0001272,178.9,0.09399664617104528,10.0,168.16,165.0,0.07895316804407713,11.0,143.3
573,ART0005416,ART0004942,23.0,0.09399456521739132,32.0,69.18,28.0,0.07803571428571429,8.0,17.48
574,ART0005418,ART0004947,48.0,0.013645833333333333,20.0,13.1,48.0,0.013645833333333334,8.0,5.24
575,ART0005424,ART0004104,1.0,0.0,3.0,0.0,1.0,0.0,4.0,0.0
576,ART0005425,ART0000879,53.0,1.261823899371069,3.0,200.63,25.0,1.2431,4.0,124.31
577,ART0005425,ART0004440,36.0,1.2431666666666668,5.0,223.77,70.0,1.243142857142857,3.0,261.06
578,ART0005426,ART0002109,20.58823529411765,0.0014285714285714286,17.0,0.5,,,,
579,ART0005427,ART0003268,361.0,0.0029085872576177286,2.0,2.1,235.0,0.004085106382978723,1.0,0.96
580,ART0005428,ART0000697,55.38461538461539,0.010513888888888889,13.0,7.57,105.0,0.0105,4.0,4.41
581,ART0005428,ART0005136,0.7156862745098039,0.010547945205479452,102.0,0.77,,,,
582,ART0005432,ART0000748,7.125,3.778175438596492,80.0,2153.5600000000004,3.98,3.5879396984924625,50.0,714.0
583,ART0005433,ART0000748,7.125,1.0738771929824562,80.0,612.11,3.98,1.0251256281407035,50.0,204.0
584,ART0005436,ART0002041,40.666666666666664,0.32967213114754096,6.0,80.44,28.0,0.3336734693877551,7.0,65.4
585,ART0005436,ART0002712,63.1578947368421,0.3601083333333333,19.0,432.13,50.0,0.3336,1.0,16.68
586,ART0005436,ART0002959,36.0,0.3383333333333333,2.0,24.36,23.0,0.33369565217391306,2.0,15.35
587,ART0005437,ART0002042,5.0,0.56,6.0,16.8,3.0,0.5599999999999999,7.0,11.76
588,ART0005438,ART0001731,1.0,8.5,8.0,68.0,,,,
589,ART0005439,ART0001202,430.0,0.16311627906976744,1.0,70.14,,,,
590,ART0005440,ART0002859,1.5,23.925555555555555,6.0,215.32999999999998,1.0,23.0,7.0,161.0
591,ART0005440,ART0002860,1.5,23.925555555555555,6.0,215.32999999999998,1.0,23.0,7.0,161.0
592,ART0005441,ART0001636,1252.0,0.00150758785942492,4.0,7.55,,,,
593,ART0005443,ART0000643,1.0,4.300000000000001,62.0,266.6,1.0,4.3,51.0,219.3
594,ART0005446,ART0000893,514.0,0.004926070038910506,5.0,12.66,485.0,0.004922680412371134,4.0,9.55
595,ART0005447,ART0000129,2.5,43.0,6.0,645.0,1.0,39.0,5.0,195.0
596,ART0005451,ART0001422,52.0,0.01579807692307692,20.0,16.43,50.0,0.0158,24.0,18.96
597,ART0005453,ART0000762,2.0,1.324,10.0,26.48,7.0,1.3239999999999998,20.0,185.35999999999999
598,ART0005454,ART0000762,1.0,0.351,10.0,3.51,3.5,0.3509999999999999,20.0,24.569999999999993
599,ART0005459,ART0003189,3.75,2.0833333333333335,16.0,125.0,1.0,2.1,52.0,109.2
600,ART0005460,ART0002969,24.0,0.4835416666666667,2.0,23.21,15.0,0.39066666666666666,2.0,11.72
601,ART0005460,ART0002990,76.0,0.5172368421052632,2.0,78.62,,,,
602,ART0005461,ART0000811,4.666666666666667,0.3125,6.0,8.75,2.0,0.235,4.0,1.88
603,ART0005462,ART0001745,311.0,0.4797749196141479,2.0,298.42,370.0,0.4031891891891892,1.0,149.18
604,ART0005463,ART0002455,680.0,0.2790808823529412,2.0,379.55,920.0,0.23479347826086955,1.0,216.01
605,ART0005464,ART0002456,465.0,0.11216129032258065,2.0,104.31,620.0,0.11216129032258065,1.0,69.54
606,ART0005468,ART0002918,9.333333333333334,0.7603571428571428,3.0,21.29,,,,
607,ART0005468,ART0002919,8.0,0.7604166666666666,3.0,18.25,,,,
608,ART0005468,ART0002978,28.0,0.7603571428571428,1.0,21.29,25.0,0.7606,2.0,38.03
609,ART0005472,ART0002012,1.0,22.0,3.0,66.0,0.5,22.0,2.0,22.0
610,ART0005477,ART0000851,5.0,0.08613333333333334,15.0,6.46,2.0,0.08633333333333333,15.0,2.59
611,ART0005478,ART0000851,15.0,2.2,15.0,495.0,6.0,2.1666666666666665,15.0,195.0
612,ART0005479,ART0001214,1.0,4.5,2.0,9.0,,,,
613,ART0005479,ART0002133,1.1666666666666667,4.5,6.0,31.5,,,,
614,ART0005481,ART0001733,1.0,8.2,15.0,123.0,0.9375,8.2,16.0,123.0
615,ART0005487,ART0000790,2.0,0.32,1.0,0.64,1.0,0.0,1.0,0.0
616,ART0005491,ART0000320,17.25,0.43318840579710144,4.0,29.89,,,,
617,ART0005491,ART0002041,4.333333333333333,0.4330769230769231,6.0,11.26,,,,
618,ART0005493,ART0001264,602.0,0.002691029900332226,1.0,1.62,305.0,0.002688524590163934,1.0,0.82
619,ART0005493,ART0001276,134.0,0.0026865671641791043,1.0,0.36,135.0,0.0026666666666666666,1.0,0.36
620,ART0005493,ART0001294,257.0,0.0026848249027237353,1.0,0.69,341.6666666666667,0.0027024390243902434,3.0,2.7699999999999996
621,ART0005504,ART0001215,246.0,0.11339430894308943,2.0,55.79,255.0,0.08288235294117648,2.0,42.27
622,ART0005505,ART0001670,198.0,0.0016035353535353535,4.0,1.27,200.0,0.0016,4.0,1.28
623,ART0005509,ART0001731,192.0,0.0022135416666666666,8.0,3.4,,,,
624,ART0005509,ART0005136,3.5686274509803924,0.0020054945054945057,102.0,0.73,,,,
625,ART0005510,ART0001180,117.0,0.012914529914529915,10.0,15.11,,,,
626,ART0005511,ART0002530,3.75,13.520000000000001,8.0,405.6,1.3333333333333333,18.6,6.0,148.8
627,ART0005513,ART0001190,229.0,0.0033697234352256184,6.0,4.63,230.0,0.0033768115942028987,6.0,4.66
628,ART0005513,ART0004944,12.0,0.0033854166666666668,32.0,1.3,,,,
629,ART0005514,ART0001113,70.8,0.1963276836158192,5.0,69.5,,,,
630,ART0005543,ART0001993,19.0,0.27210526315789474,2.0,10.34,,,,
631,ART0005543,ART0002614,42.0,0.27214285714285713,1.0,11.43,40.0,0.27225,1.0,10.89
632,ART0005543,ART0005026,163.0,0.2722085889570552,1.0,44.37,150.0,0.42013333333333336,1.0,63.02
633,ART0005544,ART0001265,450.0,0.9338888888888889,1.0,420.25,450.0,0.7288888888888889,1.0,328.0
634,ART0005545,ART0001266,750.0,0.117,1.0,87.75,750.0,0.096,1.0,72.0
635,ART0005546,ART0001515,1.0,25.0,1.0,25.0,1.0,25.0,1.0,25.0
636,ART0005548,ART0001669,320.0,0.003125,4.0,4.0,320.0,0.003125,4.0,4.0
637,ART0005548,ART0003275,42.5,0.0031176470588235297,8.0,1.06,35.0,0.003142857142857143,8.0,0.88
638,ART0005550,ART0002018,1.0,42.0,1.0,42.0,1.0,42.0,1.0,42.0
639,ART0005551,ART0002019,1.0,49.0,1.0,49.0,1.0,49.0,1.0,49.0
640,ART0005553,ART0002284,1.0,13.5,1.0,13.5,1.0,13.5,1.0,13.5
641,ART0005556,ART0002718,1.0,50.0,1.0,50.0,1.0,50.0,1.0,50.0
642,ART0005557,ART0002719,1.0,43.0,1.0,43.0,1.0,43.0,1.0,43.0
643,ART0005558,ART0002836,9.0,1.843015873015873,21.0,348.33,9.0,1.843015873015873,21.0,348.33
644,ART0005564,ART0001740,106.0,0.09283018867924528,1.0,9.84,,,,
645,ART0005568,ART0001100,82.0,0.04332317073170732,4.0,14.21,82.0,0.10359756097560975,4.0,33.98
646,ART0005568,ART0002195,98.0,0.043333333333333335,3.0,12.74,,,,
647,ART0005570,ART0002102,43.15384615384615,0.018538324420677363,13.0,10.4,,,,
648,ART0005577,ART0001252,494.0,0.03105263157894737,3.0,46.02,,,,
649,ART0005579,ART0002079,91.0,0.0013965201465201465,24.0,3.05,,,,
650,ART0005583,ART0001218,271.0,0.003763837638376384,1.0,1.02,275.0,0.0037454545454545457,1.0,1.03
651,ART0005588,ART0001047,358.1818181818182,0.04303299492385786,11.0,169.54999999999998,275.0,0.045927272727272726,2.0,25.259999999999998
652,ART0005589,ART0000639,96.0,0.03815340909090909,11.0,40.29,,,,
653,ART0005589,ART0000644,258.3,0.03815201961543425,30.0,295.64,,,,
654,ART0005589,ART0001047,311.8181818181818,0.0357667638483965,11.0,122.67999999999999,240.0,0.032625,2.0,15.66
655,ART0005591,ART0001046,189.92857142857142,0.01733734486649116,14.0,46.1,155.0,0.018000000000000002,3.0,8.370000000000001
656,ART0005593,ART0003824,61.57377049180328,0.005939829605963792,61.0,22.310000000000002,47.093023255813954,0.005940740740740741,43.0,12.030000000000001
657,ART0005595,ART0001162,400.0,0.6563,1.0,262.52,405.0,0.6562962962962962,1.0,265.79999999999995
658,ART0005599,ART0001994,1.8,9.600000000000001,10.0,172.8,1.7272727272727273,9.6,11.0,182.39999999999998
659,ART0005606,ART0000116,3.0,33.333333333333336,3.0,300.0,1.6666666666666667,28.4,3.0,142.0
660,ART0005607,ART0000638,1.0,3.0,10.0,30.0,1.0,3.0,10.0,30.0
661,ART0005608,ART0000641,1.6,12.0,10.0,192.0,1.0,12.0,5.0,60.0
662,ART0005614,ART0003167,24.0,0.005324074074074074,9.0,1.15,,,,
663,ART0005619,ART0001110,1.8,13.0,5.0,117.0,1.0,12.0,1.0,12.0
664,ART0005624,ART0001117,456.8,0.48821366024518387,5.0,1115.08,289.375,0.4327170626349892,8.0,1001.74
665,ART0005631,ART0005034,0.6666666666666666,2.5,3.0,5.0,,,,
666,ART0005635,ART0002173,51.333333333333336,0.14506493506493506,6.0,44.68,,,,
667,ART0005635,ART0002556,28.0,0.14508928571428573,4.0,16.25,28.0,0.11803571428571429,2.0,6.61
668,ART0005635,ART0002598,26.0,0.14507692307692308,5.0,18.86,,,,
669,ART0005635,ART0002753,47.0,0.1451063829787234,2.0,13.64,,,,
670,ART0005635,ART0002755,132.0,0.14507575757575755,2.0,38.3,65.0,0.11805128205128206,3.0,23.02
671,ART0005636,ART0003167,57.0,0.000253411306042885,9.0,0.13,,,,
672,ART0005637,ART0001149,100.53333333333333,0.01343501326259947,15.0,20.26,205.0,0.013434959349593495,12.0,33.05
673,ART0005640,ART0004373,1.9722222222222223,16.8,108.0,3578.4,1.0,14.0,102.0,1428.0
674,ART0005641,ART0004374,1.9722222222222223,10.100000000000001,108.0,2151.3,1.0,10.190000000000001,102.0,1039.38
675,ART0005642,ART0004397,1.9545454545454546,24.469999999999995,110.0,5261.049999999999,1.0,24.47,101.0,2471.47
676,ART0005644,ART0000223,1.0,7.3,4.0,29.2,0.9411764705882353,7.3,17.0,116.8
677,ART0005648,ART0002152,2.0,0.16,8.0,2.56,2.0,0.16,6.0,1.92
678,ART0005650,ART0003105,111.0,0.00454954954954955,2.0,1.01,,,,
679,ART0005650,ART0004885,144.0,0.003582175925925926,12.0,6.19,232.6153846153846,0.004666005291005291,13.0,14.11
680,ART0005650,ART0004886,198.16666666666666,0.0035407905803195965,12.0,8.42,185.0,0.004666666666666666,12.0,10.36
681,ART0005652,ART0004886,338.0,0.029178994082840234,12.0,118.35,333.3333333333333,0.033975,12.0,135.9
682,ART0005660,ART0001605,214.0,0.0009696261682242992,12.0,2.49,,,,
683,ART0005660,ART0004724,1255.0,0.0009880478087649404,3.0,3.72,1260.0,0.0008227513227513227,3.0,3.11
684,ART0005660,ART0004725,961.0,0.0009885535900104059,2.0,1.9,965.0,0.0008221070811744387,3.0,2.38
685,ART0005660,ART0004726,381.0,0.0009886264216972878,3.0,1.13,385.0,0.0008225108225108225,3.0,0.95
686,ART0005660,ART0004727,1534.0,0.0009887005649717514,3.0,4.55,1538.0,0.00082358040745557,3.0,3.8
687,ART0005664,ART0005029,760.0,0.10288815789473685,2.0,156.39000000000001,510.0,0.08374509803921569,1.0,42.71
688,ART0005664,ART0005030,806.0,0.08651364764267991,1.0,69.73,1209.0,0.08875516956162117,2.0,214.61
689,ART0005666,ART0001202,1.0,17.0,1.0,17.0,,,,
690,ART0005666,ART0005029,1.5,17.333333333333332,2.0,52.0,1.0,17.0,1.0,17.0
691,ART0005666,ART0005030,3.0,17.333333333333332,1.0,52.0,1.5,25.333333333333332,2.0,76.0
692,ART0005668,ART0004836,1.0,12.0,10.0,120.0,1.0,13.0,20.0,260.0
693,ART0005669,ART0000811,4.666666666666667,0.48071428571428576,6.0,13.46,0.5,0.485,4.0,0.97
694,ART0005669,ART0000812,1.5,0.48333333333333334,2.0,1.45,1.5,0.3222222222222222,6.0,2.9
695,ART0005671,ART0002210,26.5,0.025345911949685537,6.0,4.03,20.0,0.0254,5.0,2.54
696,ART0005673,ART0002897,4.0,42.205,2.0,337.64,1.0,36.7,2.0,73.4
697,ART0005674,ART0002897,337.0,0.08777448071216616,2.0,59.16,340.0,0.08507352941176471,2.0,57.85
698,ART0005675,ART0001174,175.0,0.0416,6.0,43.68,150.0,0.0416,2.0,12.48
699,ART0005675,ART0003164,212.5,0.0416,4.0,35.36,190.0,0.041578947368421056,1.0,7.9
700,ART0005676,ART0001174,1.1666666666666667,19.285714285714285,6.0,135.0,1.0,33.0,2.0,66.0
701,ART0005677,ART0000748,7.125,0.252,80.0,143.64000000000001,3.0,0.252,50.0,37.8
702,ART0005677,ART0000847,13.2,0.2518939393939394,10.0,33.25,,,,
703,ART0005680,ART0003612,58.9,0.17789898132427845,40.0,419.13,42.0,0.17627976190476188,8.0,59.23
704,ART0005682,ART0002938,1.0,34.5,1.0,34.5,1.5,33.0,2.0,99.0
705,ART0005683,ART0000115,217.0,0.41207373271889397,3.0,268.26,435.0,0.33290421455938696,3.0,434.44
706,ART0005693,ART0000780,4.0,19.5,1.0,78.0,4.0,19.5,2.0,156.0
707,ART0005695,ART0001590,451.625,0.0014217178706522743,24.0,15.41,287.5,0.0013884057971014492,12.0,4.79
708,ART0005696,ART0000041,1.0,22.0,4.0,88.0,1.0,23.0,4.0,92.0
709,ART0005697,ART0000042,1.0,25.0,4.0,100.0,1.0,26.0,4.0,104.0
710,ART0005698,ART0000323,18.333333333333332,0.4563636363636364,6.0,50.2,20.0,0.45640000000000003,5.0,45.64
711,ART0005698,ART0000325,28.0,0.45638392857142857,8.0,102.23,25.0,0.4564,5.0,57.05
712,ART0005699,ART0000642,2.0,12.5,5.0,125.0,1.0,12.5,5.0,62.5
713,ART0005702,ART0003982,86.0,0.01,2.0,1.72,100.0,0.01,1.0,1.0
714,ART0005703,ART0001277,476.0,0.0024789915966386554,1.0,1.18,480.0,0.0024791666666666664,1.0,1.19
715,ART0005703,ART0001290,476.0,0.0024789915966386554,1.0,1.18,480.0,0.0024791666666666664,1.0,1.19
716,ART0005707,ART0001117,1.8,32.666666666666664,5.0,294.0,1.0,30.0,8.0,240.0
717,ART0005712,ART0005011,50.0,0.248,2.0,24.8,,,,
718,ART0005712,ART0005028,192.0,0.24795138888888887,3.0,142.82,595.0,0.24475630252100838,3.0,436.89
719,ART0005714,ART0003160,121.0,0.19322314049586775,1.0,23.38,117.0,0.17598290598290597,1.0,20.59
720,ART0005716,ART0001427,23.28301886792453,0.001474878444084279,53.0,1.82,8.0,0.0014583333333333334,12.0,0.14
721,ART0005716,ART0005136,0.49019607843137253,0.0014000000000000002,102.0,0.07,,,,
722,ART0005717,ART0005136,40.22549019607843,0.008296368510845724,102.0,34.040000000000006,,,,
723,ART0005721,ART0004886,1.0833333333333333,10.0,12.0,130.0,,,,
724,ART0005722,ART0002444,49.9,0.05227454909819639,20.0,52.17,54.81818181818182,0.05227197346600332,11.0,31.520000000000003
725,ART0005723,ART0002867,1.0,4.18,18.0,75.24,0.5,3.8,10.0,19.0
726,ART0005724,ART0002867,16.0,0.0,18.0,0.0,19.0,0.0,10.0,0.0
727,ART0005725,ART0002909,1.0,4.18,18.0,75.24,0.5,3.8,10.0,19.0
728,ART0005727,ART0001203,1.0,16.0,1.0,16.0,1.0,30.0,1.0,30.0
729,ART0005729,ART0002123,66.75,0.0006741573033707865,4.0,0.18,,,,
730,ART0005736,ART0002451,757.0,0.022100396301188905,4.0,66.92,250.0,0.02212,1.0,5.53
731,ART0005736,ART0002739,71.33333333333333,0.022102803738317755,15.0,23.65,52.0,0.022087912087912085,7.0,8.04
732,ART0005738,ART0005136,1.6176470588235294,0.0,102.0,0.0,,,,
733,ART0005739,ART0003169,135.0,0.007271604938271605,6.0,5.89,140.0,0.008339285714285714,4.0,4.67
734,ART0005739,ART0004885,52.0,0.007259615384615385,12.0,4.53,24.46153846153846,0.008333333333333333,13.0,2.65
735,ART0005739,ART0004886,55.25,0.00737556561085973,12.0,4.890000000000001,,,,
736,ART0005744,ART0001261,244.2,0.0010237510237510238,5.0,1.25,,,,
737,ART0005754,ART0003202,1.0,11.2,5.0,56.0,1.0,8.959999999999999,5.0,44.8
738,ART0005757,ART0000841,12.0,0.10416666666666667,1.0,1.25,12.0,0.10416666666666667,1.0,1.25
739,ART0005758,ART0000841,12.0,0.047499999999999994,1.0,0.57,12.0,0.04,1.0,0.48
740,ART0005762,ART0002531,18.0,0.23783333333333334,10.0,42.81,15.0,0.23786666666666667,5.0,17.84
741,ART0005772,ART0000847,6.1,0.10540983606557376,10.0,6.43,1.5,0.10666666666666667,2.0,0.32
742,ART0005774,ART0005136,34.588235294117645,0.008401360544217687,102.0,29.64,,,,
743,ART0005777,ART0002740,3.2127659574468086,0.18205298013245033,47.0,27.49,,,,
744,ART0005777,ART0002867,4.0,0.18194444444444444,18.0,13.1,,,,
745,ART0005778,ART0002028,1.0,6.8,4.0,27.2,1.0,12.0,2.0,24.0
746,ART0005779,ART0002029,1.0,1.7,2.0,3.4,1.0,16.5,2.0,33.0
747,ART0005788,ART0001244,1.0,28.0,1.0,28.0,2.0,28.0,1.0,56.0
748,ART0005789,ART0002706,1.5,26.666666666666668,2.0,80.0,2.0,28.0,1.0,56.0
749,ART0005792,ART0000119,127.2,0.05327044025157233,5.0,33.88,62.0,0.053258064516129036,5.0,16.51
750,ART0005793,ART0000888,40.0,0.011166666666666667,3.0,1.34,,,,
751,ART0005793,ART0004362,71.5,0.011146853146853146,20.0,15.94,35.0,0.011142857142857142,10.0,3.9
752,ART0005799,ART0002464,345.0,0.03333333333333333,1.0,11.5,350.0,0.03334285714285714,1.0,11.67
753,ART0005800,ART0000769,2.0,0.41,1.0,0.82,2.0,0.4116666666666667,3.0,2.47
754,ART0005805,ART0005110,2.75,27.636363636363637,4.0,304.0,1.0,37.0,2.0,74.0
755,ART0005806,ART0005111,2.0,8.0,4.0,64.0,1.0,8.0,2.0,16.0
756,ART0005807,ART0005112,2.0,13.0,4.0,104.0,1.0,13.0,2.0,26.0
757,ART0005808,ART0005136,4.901960784313726,0.01934,102.0,9.67,,,,
758,ART0005813,ART0002423,292.0,0.0012397260273972603,10.0,3.62,145.0,0.0012275862068965517,5.0,0.89
759,ART0005813,ART0002424,84.44444444444444,0.001236842105263158,9.0,0.94,80.0,0.0012265625,16.0,1.57
760,ART0005816,ART0002739,35.333333333333336,0.04211320754716981,15.0,22.32,,,,
761,ART0005817,ART0003269,129.81578947368422,0.004958443138049868,38.0,24.46,55.0,0.00502020202020202,18.0,4.97
762,ART0005821,ART0004671,152.0,0.02617105263157895,5.0,19.89,190.0,0.026136842105263156,5.0,24.83
763,ART0005822,ART0000843,1.0,1.68,2.0,3.36,1.0,1.68,2.0,3.36
764,ART0005823,ART0000843,4.0,0.41,2.0,3.28,4.0,0.41,2.0,3.28
765,ART0005824,ART0000152,20.0,0.146,5.0,14.6,,,,
766,ART0005825,ART0001993,0.5,10.0,2.0,10.0,,,,
767,ART0005830,ART0000749,2.0,0.0,1.0,0.0,2.0,0.0,2.0,0.0
768,ART0005839,ART0000830,4.0,0.32,1.0,1.28,1.0,0.32,1.0,0.32
769,ART0005840,ART0000796,1.0,0.0,2.0,0.0,1.0,0.0,1.0,0.0
770,ART0005840,ART0000830,4.0,0.0,1.0,0.0,1.0,0.0,1.0,0.0
771,ART0005843,ART0000849,3.111111111111111,1.125,9.0,31.5,2.0,0.0,1.0,0.0
772,ART0005844,ART0001219,144.0,0.03371527777777778,2.0,9.71,145.0,0.03368965517241379,2.0,9.77
773,ART0005846,ART0001612,139.75,0.0006797853309481217,8.0,0.76,133.375,1.874414245548266e-05,8.0,0.02
774,ART0005847,ART0002452,190.0,0.15376315789473685,2.0,58.43,200.0,0.15375,2.0,61.5
775,ART0005848,ART0000121,1.0,3.8699999999999997,15.0,58.05,1.0,3.87,16.0,61.92
776,ART0005850,ART0005136,16.99019607843137,0.010830929024812466,102.0,18.770000000000003,,,,
777,ART0005851,ART0004375,88.0,0.02478409090909091,10.0,21.81,120.0,0.024777777777777777,6.0,17.84
778,ART0005854,ART0005136,0.5392156862745098,0.0014545454545454547,102.0,0.08,,,,
779,ART0005855,ART0004659,1270.0,0.0028188976377952757,4.0,14.32,1270.0,0.0022224409448818898,12.0,33.87
780,ART0005856,ART0004660,240.0,0.03254861111111111,6.0,46.87,240.0,0.030798611111111113,6.0,44.35
781,ART0005857,ART0004711,2433.25,0.009204767286550909,8.0,179.18,1400.0,0.010633333333333333,3.0,44.66
782,ART0005857,ART0004919,141.0,0.010630417651694247,9.0,13.49,140.0,0.010642857142857141,3.0,4.47
783,ART0005857,ART0004924,141.0,0.010634357762017335,18.0,26.99,140.0,0.010634920634920636,9.0,13.4
784,ART0005864,ART0004392,1.0,10.5,35.0,367.5,1.0,9.8,30.0,294.0
785,ART0005866,ART0001733,26.0,0.0,15.0,0.0,,,,
786,ART0005867,ART0004889,1.6923076923076923,8.84909090909091,65.0,973.4000000000001,0.25,13.333333333333334,12.0,40.0
787,ART0005868,ART0002139,52.0,0.15173076923076925,3.0,23.67,,,,
788,ART0005868,ART0002140,52.0,0.15173076923076925,3.0,23.67,,,,
789,ART0005868,ART0002224,136.0,0.15169117647058822,4.0,82.52,,,,
790,ART0005869,ART0000157,1.0,45.0,1.0,45.0,1.0,45.0,1.0,45.0
791,ART0005871,ART0000645,107.25,0.1223951048951049,32.0,420.06,56.52173913043478,0.12204615384615385,23.0,158.66
792,ART0005871,ART0002551,35.0,0.12238095238095238,3.0,12.85,,,,
793,ART0005872,ART0001214,0.5,4.5,2.0,4.5,,,,
794,ART0005873,ART0000885,853.0,0.024974599452911292,3.0,63.91,425.0,0.023141176470588238,4.0,39.34
795,ART0005873,ART0004697,256.0,0.023154296875,4.0,23.71,265.0,0.023132075471698113,1.0,6.13
796,ART0005875,ART0004737,61.0,0.013327868852459018,10.0,8.13,60.0,0.013333333333333334,10.0,8.0
797,ART0005879,ART0003169,1.0,4.75,6.0,28.5,1.0,18.0,4.0,72.0
798,ART0005880,ART0004919,301.0,0.02554817275747508,9.0,69.21,305.0,0.029475409836065572,3.0,26.97
799,ART0005880,ART0004924,301.0,0.025546327057954964,18.0,138.41,305.0,0.029475409836065572,9.0,80.91
800,ART0005883,ART0004656,236.0,0.007203389830508475,5.0,8.5,240.0,0.007201388888888888,6.0,10.37
801,ART0005888,ART0004718,36.0,0.005432098765432099,9.0,1.76,35.0,0.005142857142857143,2.0,0.36
802,ART0005891,ART0000226,926.25,0.048356275303643725,12.0,537.48,235.0,0.042882978723404255,4.0,40.31
803,ART0005892,ART0000151,1.0,8.0,5.0,40.0,1.0,8.0,5.0,40.0
804,ART0005900,ART0002112,117.85714285714286,0.0024727272727272727,7.0,2.04,,,,
805,ART0005900,ART0005136,1.2549019607843137,0.0025,102.0,0.32,,,,
806,ART0005906,ART0004420,40.0,0.03320833333333333,6.0,7.97,,,,
807,ART0005906,ART0005136,7.196078431372549,0.039196185286103545,102.0,28.77,,,,
808,ART0005908,ART0002411,126.0,0.019801587301587303,8.0,19.96,125.0,0.0198,8.0,19.8
809,ART0005912,ART0001606,210.0,0.0028373015873015875,12.0,7.15,210.0,0.002833333333333333,12.0,7.14
810,ART0005914,ART0002450,260.0,0.16157692307692306,2.0,84.02,270.0,0.1755,2.0,94.77
811,ART0005915,ART0002580,1.0,22.0,3.0,66.0,1.0,21.0,1.0,21.0
812,ART0005916,ART0002581,1.5,11.0,2.0,33.0,1.0,10.0,1.0,10.0
813,ART0005917,ART0001566,14.6,0.000593607305936073,30.0,0.26,,,,
814,ART0005919,ART0000877,230.0,0.14718840579710146,3.0,101.56,240.0,0.14077083333333332,4.0,135.14
815,ART0005919,ART0000878,457.0,0.1464040846097739,3.0,200.72,240.0,0.14079166666666668,4.0,135.16
816,ART0005920,ART0000883,2.0,2.3333333333333335,3.0,14.0,2.0,7.0,4.0,56.0
817,ART0005921,ART0000887,991.0,0.032769929364278506,2.0,64.95,495.0,0.028,4.0,55.44
818,ART0005921,ART0000888,309.3333333333333,0.029989224137931033,3.0,27.83,185.0,0.0282972972972973,4.0,20.94
819,ART0005922,ART0000890,51.0,0.010980392156862745,7.0,3.92,50.0,0.0108,4.0,2.16
820,ART0005922,ART0000891,175.0,0.01099047619047619,6.0,11.54,175.0,0.010817142857142857,10.0,18.93
821,ART0005923,ART0000893,27.6,0.0918840579710145,5.0,12.68,45.0,0.09188888888888888,4.0,16.54
822,ART0005925,ART0001238,361.0,0.004155124653739612,1.0,1.5,360.0,0.004166666666666667,1.0,1.5
823,ART0005928,ART0005136,0.00980392156862745,0.0,102.0,0.0,0.0392156862745098,0.0,51.0,0.0
824,ART0005932,ART0002707,1.5,23.333333333333332,2.0,70.0,1.0,24.0,1.0,24.0
825,ART0005933,ART0004384,1.0,2.2086206896551723,116.0,256.2,1.0,3.0,110.0,330.0
826,ART0005934,ART0000227,324.8780487804878,0.01471996996996997,41.0,196.07,315.0,0.013666666666666666,6.0,25.83
827,ART0005934,ART0000229,305.8,0.014827338129496404,100.0,453.42,,,,
828,ART0005936,ART0000131,207.0,0.030797101449275364,8.0,51.0,,,,
829,ART0005942,ART0005136,0.00980392156862745,0.0,102.0,0.0,,,,
830,ART0005944,ART0001731,110.0,0.0,8.0,0.0,100.0,0.0,10.0,0.0
831,ART0005952,ART0002416,14.066666666666666,0.004518167456556082,45.0,2.86,,,,
832,ART0005952,ART0004717,131.0,0.00451556077510276,13.0,7.69,,,,
833,ART0005953,ART0004363,1.0,10.6,4.0,42.4,1.0,7.125603448275863,116.0,826.57
834,ART0005954,ART0000308,3.0,4.1,25.0,307.5,1.0,5.3,25.0,132.5
835,ART0005962,ART0005136,47.88235294117647,0.005417690417690418,102.0,26.46,,,,
836,ART0005963,ART0005136,22.637254901960784,0.006388046773495019,102.0,14.75,,,,
837,ART0005964,ART0005136,11.588235294117647,0.0,102.0,0.0,,,,
838,ART0005990,ART0002195,68.66666666666667,0.04155339805825243,3.0,8.56,,,,
839,ART0005990,ART0002267,167.75,0.04153502235469448,4.0,27.869999999999997,,,,
840,ART0005994,ART0005136,0.37254901960784315,0.0023684210526315787,102.0,0.09,,,,
841,ART0005995,ART0005136,0.5294117647058824,0.0,102.0,0.0,,,,
842,ART0005998,ART0000555,55.333333333333336,0.0,3.0,0.0,,,,
843,ART0006001,ART0002488,1.0,30.0,1.0,30.0,,,,
844,ART0006002,ART0001185,255.82608695652175,0.04956662134602311,23.0,291.65,,,,
845,ART0006004,ART0000697,2.6923076923076925,0.0,13.0,0.0,,,,
846,ART0006004,ART0005136,0.35294117647058826,0.0,102.0,0.0,,,,
847,ART0006009,ART0004946,126.9,0.008747044917257684,20.0,22.2,,,,
848,ART0006017,ART0005030,1615.0,0.10500309597523219,1.0,169.57999999999998,,,,
849,ART0006019,ART0005136,5.137254901960785,0.0,102.0,0.0,,,,
850,ART0006021,ART0004084,1.0,0.31,1.0,0.31,,,,
851,ART0006021,ART0004104,0.6666666666666666,0.31,3.0,0.62,,,,
852,ART0006021,ART0005136,0.00980392156862745,0.31,102.0,0.31,,,,
853,ART0006028,ART0004689,192.0,0.005655381944444444,12.0,13.03,,,,
854,ART0006032,ART0002513,1.8,11.0,10.0,198.0,,,,
855,ART0006037,ART0002411,65.0,0.03586538461538461,8.0,18.65,,,,
856,ART0006038,ART0001046,48.785714285714285,0.02732064421669107,14.0,18.66,,,,
857,ART0006044,ART0000324,1.8888888888888888,5.0,9.0,85.0,,,,
858,ART0006077,ART0001164,1.0,8.0,3.0,24.0,,,,
859,ART0006078,ART0002133,0.3333333333333333,8.0,6.0,16.0,,,,
860,ART0006087,ART0000228,257.4418604651163,0.020275971093044264,86.0,448.91,,,,
861,ART0006092,ART0005136,0.6372549019607843,0.006,102.0,0.39,,,,
862,ART0006099,ART0005136,7.196078431372549,0.0,102.0,0.0,,,,
863,ART0006102,ART0001174,22.5,0.08481481481481482,6.0,11.45,,,,
864,ART0006102,ART0002133,107.83333333333333,0.08482225656877898,6.0,54.88,,,,
865,ART0006104,ART0002498,1.0,6.5,2.0,13.0,,,,
866,ART0006104,ART0002508,2.0,6.5,1.0,13.0,,,,
867,ART0006112,ART0005136,0.6470588235294118,0.3043939393939394,102.0,20.09,,,,
868,ART0006124,ART0000227,368.780487804878,0.008478174603174604,41.0,128.19,,,,
869,ART0006129,ART0001095,97.5,0.0,4.0,0.0,,,,
870,ART0006139,ART0001500,15.0,2.272,1.0,34.08,,,,
871,ART0006140,ART0003132,72.0,0.002472222222222222,10.0,1.7799999999999998,,,,
872,ART0006142,ART0004169,38.57142857142857,0.3028148148148148,14.0,163.52,,,,
873,ART0006153,ART0005036,2.3076923076923075,6.0,13.0,180.0,,,,
874,ART0006171,ART0005136,3.235294117647059,0.012696969696969698,102.0,4.19,,,,
875,ART0006172,ART0004675,68.33333333333333,0.008926829268292684,18.0,10.98,,,,
876,ART0006191,ART0002132,1.6666666666666667,6.0,3.0,30.0,,,,
877,ART0006191,ART0002144,1.6666666666666667,6.0,3.0,30.0,,,,
878,ART0006210,ART0005136,0.30392156862745096,0.0,102.0,0.0,,,,
879,ART0006214,ART0005136,0.09803921568627451,0.0,102.0,0.0,,,,
880,ART0006217,ART0002017,1.0,29.0,1.0,29.0,,,,
881,ART0006224,ART0000778,8.0,0.0275,3.0,0.66,,,,
882,ART0006224,ART0000782,4.8,0.0275,5.0,0.66,,,,
883,ART0006237,ART0002109,29.352941176470587,0.0,17.0,0.0,,,,
884,ART0006242,ART0001046,280.92857142857144,0.017353165522501907,14.0,68.25,,,,
885,ART0006245,ART0005136,6.862745098039215,0.0,102.0,0.0,,,,
886,ART0006253,ART0001731,1.0,4.5,8.0,36.0,,,,
887,ART0006260,ART0001637,432.0,0.004464699074074074,8.0,15.43,,,,
888,ART0006268,ART0005136,0.5098039215686274,0.0,102.0,0.0,,,,
889,ART0006269,ART0005136,2.5,0.0,102.0,0.0,,,,
890,ART0006270,ART0000893,45.0,0.1092888888888889,5.0,24.59,,,,
891,ART0006288,ART0005035,1.6666666666666667,9.0,3.0,45.0,,,,
892,ART0006289,ART0005037,0.4444444444444444,3.5,18.0,28.0,,,,
893,ART0006305,ART0005136,1.0980392156862746,0.0,102.0,0.0,,,,
894,ART0006332,ART0005136,28.92156862745098,0.0050440677966101695,102.0,14.88,,,,
895,ART0006335,ART0001794,92.0,0.42284584980237155,11.0,427.92,,,,
896,ART0006335,ART0004202,12.5,0.4228,2.0,10.57,,,,
897,ART0006345,ART0005136,0.4117647058823529,0.0,102.0,0.0,,,,
898,ART0006359,ART0000226,12.5,0.04626666666666667,12.0,6.94,,,,
899,ART0006359,ART0001102,100.42857142857143,0.05012802275960171,7.0,35.24,,,,
900,ART0006359,ART0001104,109.28571428571429,0.050078431372549026,7.0,38.31,,,,
901,ART0006359,ART0005029,26.0,0.0525,2.0,2.73,,,,
902,ART0006367,ART0001493,18.333333333333332,0.7483636363636363,3.0,41.16,,,,
903,ART0006381,ART0005136,2.9411764705882355,0.0054,102.0,1.62,,,,
904,ART0006387,ART0004014,108.0,2.965925925925926,1.0,320.32,,,,
905,ART0006411,ART0005136,0.00980392156862745,10.5,102.0,10.5,,,,
906,ART0006412,ART0005136,9.803921568627452,0.0,102.0,0.0,,,,
907,ART0006422,ART0005136,3.7254901960784315,0.0,102.0,0.0,,,,
908,ART0006433,ART0005136,14.686274509803921,0.0,102.0,0.0,,,,
909,ART0006474,ART0005037,2.2222222222222223,3.5,18.0,140.0,,,,
910,ART0006481,ART0001149,116.0,0.0185,15.0,32.19,,,,
911,ART0006515,ART0005136,11.764705882352942,0.0,102.0,0.0,,,,
912,ART0006521,ART0005034,1.0,2.5,3.0,7.5,,,,
913,ART0006536,ART0004901,56.72222222222222,0.0042017629774730655,18.0,4.29,,,,
914,ART0006563,ART0002042,1.0,8.0,6.0,48.0,,,,
915,ART0006565,ART0005136,9.117647058823529,0.0,102.0,0.0,,,,
916,ART0006566,ART0005136,0.9803921568627451,0.0,102.0,0.0,,,,
917,ART0006574,ART0001170,1.5,10.666666666666666,2.0,32.0,,,,
918,ART0006583,ART0004885,76.0,0.03561403508771929,12.0,32.48,,,,
919,ART0006583,ART0004902,125.0,0.03561333333333333,18.0,80.13,,,,
920,ART0006630,ART0003167,1.0,0.6000000000000001,9.0,5.4,,,,
921,ART0006637,ART0001099,447.42857142857144,0.18879310344827585,7.0,591.3,,,,
922,ART0006648,ART0000323,2.0,38.0,6.0,456.0,,,,
923,ART0006678,ART0000325,1.625,18.0,8.0,234.0,,,,
924,ART0006681,ART0001174,22.5,0.060222222222222226,6.0,8.13,,,,
925,ART0006693,ART0005136,0.0392156862745098,0.0,102.0,0.0,,,,
926,ART0006694,ART0000116,0.3333333333333333,35.0,3.0,35.0,,,,
927,ART0006722,ART0002262,84.0,0.1144047619047619,2.0,19.22,,,,
928,ART0006722,ART0002263,80.0,0.1145,2.0,18.32,,,,
929,ART0006757,ART0001610,163.33333333333334,0.0,12.0,0.0,,,,
930,ART0006765,ART0001129,1.0,7.5,2.0,15.0,,,,
931,ART0006772,ART0005136,2.4411764705882355,0.0,102.0,0.0,,,,
932,ART0006857,ART0002897,2.0,28.05,2.0,112.2,,,,
933,ART0006922,ART0005136,58.8235294117647,0.0,102.0,0.0,,,,
934,ART0006923,ART0005136,46.07843137254902,0.0,102.0,0.0,,,,
935,ART0006924,ART0005136,49.01960784313726,0.0,102.0,0.0,,,,
936,ART0006925,ART0005136,58.8235294117647,0.0,102.0,0.0,,,,
937,ART0006926,ART0005136,58.8235294117647,0.0,102.0,0.0,,,,
938,ART0006963,ART0005136,0.021176470588235297,54.800925925925924,102.0,118.37,,,,
939,ART0007010,ART0004357,1.0,3.5,51.0,178.5,,,,
940,ART0007102,ART0000635,1.0,8.8,10.0,88.0,,,,
941,ART0007130,ART0001228,1.0,1.5,15.0,22.5,,,,
942,ART0007133,ART0005136,0.029411764705882353,0.0,102.0,0.0,,,,
943,ART0007141,ART0002191,1.0,6.5,2.0,13.0,,,,
944,ART0007148,ART0002619,1.0,30.0,2.0,60.0,,,,
945,ART0007166,ART0000877,1.0,35.81666666666667,3.0,107.45,,,,
946,ART0001074,ART0001113,,,,,25.0,0.1716,1.0,4.29
947,ART0001077,ART0003984,,,,,46.0,0.012608695652173912,1.0,0.58
948,ART0001080,ART0005136,,,,,12.156862745098039,0.0019516129032258064,51.0,1.21
949,ART0001082,ART0001252,,,,,180.0,0.019944444444444445,3.0,10.77
950,ART0001082,ART0002152,,,,,90.0,0.01996296296296296,6.0,10.78
951,ART0001082,ART0005091,,,,,38.0,0.019934210526315787,4.0,3.03
952,ART0001083,ART0000883,,,,,55.0,0.0365909090909091,4.0,8.05
953,ART0001807,ART0005136,,,,,0.0196078431372549,52.35,51.0,52.35
954,ART0002096,ART0000780,,,,,1.0,33.5,2.0,67.0
955,ART0002358,ART0002370,,,,,2.3333333333333335,41.25714285714286,3.0,288.8
956,ART0003839,ART0005136,,,,,0.0784313725490196,5.0,51.0,20.0
957,ART0003942,ART0004084,,,,,,599.25,0.0,599.25
958,ART0003958,ART0004099,,,,,1.0,236.23,1.0,236.23
959,ART0004147,ART0004084,,,,,,13.3,0.0,13.3
960,ART0004148,ART0004084,,,,,,5.56,0.0,5.56
961,ART0004149,ART0004084,,,,,,5.38,0.0,5.38
962,ART0004150,ART0004084,,,,,,0.0,0.0,0.0
963,ART0004151,ART0004084,,,,,,2.67,0.0,2.67
964,ART0004152,ART0004084,,,,,,11.83,0.0,11.83
965,ART0004153,ART0004084,,,,,,13.91,0.0,13.91
966,ART0004155,ART0004084,,,,,,1.35,0.0,1.35
967,ART0004156,ART0004084,,,,,,4.15,0.0,4.15
968,ART0004168,ART0004099,,,,,2.0,5.435,1.0,10.87
969,ART0004196,ART0004084,,,,,,0.0,0.0,0.0
970,ART0005148,ART0002909,,,,,22.5,0.11520000000000001,10.0,25.92
971,ART0005148,ART0004202,,,,,25.0,0.10800000000000001,1.0,2.7
972,ART0005154,ART0001102,,,,,77.0,0.059123376623376626,4.0,18.21
973,ART0005154,ART0001104,,,,,83.0,0.05909638554216868,4.0,19.62
974,ART0005154,ART0002228,,,,,69.0,0.03644927536231884,2.0,5.029999999999999
975,ART0005158,ART0001185,,,,,86.0,0.054395348837209305,10.0,46.78
976,ART0005159,ART0002012,,,,,22.0,0.5577272727272727,2.0,24.54
977,ART0005160,ART0000151,,,,,4.8,0.21375,5.0,5.13
978,ART0005160,ART0001099,,,,,265.0,0.24106603773584906,4.0,255.53
979,ART0005160,ART0002513,,,,,61.714285714285715,0.21916666666666668,7.0,94.68
980,ART0005160,ART0005036,,,,,20.0,0.21368749999999997,16.0,68.38
981,ART0005161,ART0000152,,,,,3.6,0.13666666666666666,5.0,2.46
982,ART0005161,ART0002132,,,,,54.0,0.14055555555555554,1.0,7.59
983,ART0005161,ART0002144,,,,,54.0,0.14055555555555554,1.0,7.59
984,ART0005162,ART0002010,,,,,18.0,0.11277777777777777,3.0,6.09
985,ART0005164,ART0002263,,,,,38.0,0.08763157894736842,1.0,3.33
986,ART0005167,ART0001566,,,,,145.0,0.00046743295019157087,18.0,1.22
987,ART0005167,ART0001588,,,,,115.0,0.000463768115942029,6.0,0.32
988,ART0005168,ART0002148,,,,,101.0,0.09843234323432343,6.0,59.65
989,ART0005168,ART0002299,,,,,85.0,0.09858823529411766,2.0,16.76
990,ART0005171,ART0005136,,,,,0.5882352941176471,0.082,51.0,2.46
991,ART0005181,ART0004901,,,,,52.0,0.0055128205128205125,12.0,3.44
992,ART0005185,ART0002102,,,,,62.76923076923077,0.010245098039215686,26.0,16.72
993,ART0005186,ART0005136,,,,,5.490196078431373,0.027607142857142858,51.0,7.73
994,ART0005210,ART0000627,,,,,100.0,0.0,25.0,0.0
995,ART0005210,ART0000639,,,,,66.5,0.0,10.0,0.0
996,ART0005213,ART0005136,,,,,6.2745098039215685,0.082,51.0,26.240000000000002
997,ART0005215,ART0000645,,,,,175.2173913043478,0.1403970223325062,23.0,565.8
998,ART0005215,ART0002551,,,,,35.0,0.14038095238095238,3.0,14.74
999,ART0005216,ART0001590,,,,,0.4166666666666667,0.0,12.0,0.0
1000,ART0005216,ART0003132,,,,,0.75,0.0,8.0,0.0
1001,ART0005227,ART0001817,,,,,325.0,0.14462564102564102,3.0,141.01
1002,ART0005227,ART0002048,,,,,7.5,0.0768,10.0,5.76
1003,ART0005231,ART0002508,,,,,23.0,0.22043478260869567,1.0,5.07
1004,ART0005232,ART0002139,,,,,26.5,0.10339622641509434,2.0,5.48
1005,ART0005232,ART0002140,,,,,26.5,0.10339622641509434,2.0,5.48
1006,ART0005232,ART0002173,,,,,42.0,0.10333333333333333,3.0,13.02
1007,ART0005232,ART0002262,,,,,80.0,0.106375,1.0,8.51
1008,ART0005232,ART0002273,,,,,48.0,0.10333333333333333,1.0,4.96
1009,ART0005232,ART0002511,,,,,26.0,0.10346153846153847,1.0,2.69
1010,ART0005232,ART0002753,,,,,45.0,0.10333333333333335,2.0,9.3
1011,ART0005233,ART0004944,,,,,14.0,0.008928571428571428,8.0,1.0
1012,ART0005234,ART0002274,,,,,120.0,0.41479166666666667,2.0,99.55
1013,ART0005239,ART0000308,,,,,3.2,0.155,25.0,12.4
1014,ART0005241,ART0003167,,,,,25.0,0.0045000000000000005,4.0,0.45
1015,ART0005241,ART0003824,,,,,22.0,0.0044820295983086685,43.0,4.24
1016,ART0005245,ART0005030,,,,,12.5,0.062,2.0,1.55
1017,ART0005246,ART0002740,,,,,59.57446808510638,0.0287,47.0,80.36
1018,ART0005248,ART0001238,,,,,360.0,0.01,1.0,3.6
1019,ART0005249,ART0005109,,,,,25.0,0.0697,4.0,6.97
1020,ART0005250,ART0005136,,,,,0.0784313725490196,0.0,51.0,0.0
1021,ART0005253,ART0004084,,,,,,0.0,0.0,0.0
1022,ART0005253,ART0004099,,,,,2.0,0.0,1.0,0.0
1023,ART0005254,ART0004104,,,,,1.0,0.0,4.0,0.0
1024,ART0005259,ART0004084,,,,,,2.0,0.0,2.0
1025,ART0005272,ART0004099,,,,,2.0,0.0,1.0,0.0
1026,ART0005274,ART0002109,,,,,25.0,0.0013,4.0,0.13
1027,ART0005275,ART0000882,,,,,145.0,0.0095,16.0,22.04
1028,ART0005277,ART0001497,,,,,5.333333333333333,0.938125,3.0,15.01
1029,ART0005277,ART0001500,,,,,12.0,0.7975,1.0,9.57
1030,ART0005287,ART0000644,,,,,306.78125,0.030099826831007436,32.0,295.49
1031,ART0005291,ART0001433,,,,,36.36363636363637,0.0076500000000000005,22.0,6.12
1032,ART0005291,ART0005136,,,,,19.607843137254903,0.0076500000000000005,51.0,7.65
1033,ART0005299,ART0003160,,,,,125.0,0.04032,1.0,5.04
1034,ART0005313,ART0001636,,,,,835.0,0.001212574850299401,4.0,4.05
1035,ART0005317,ART0002551,,,,,44.666666666666664,0.05380597014925373,3.0,7.21
1036,ART0005318,ART0002306,,,,,42.0,0.0,1.0,0.0
1037,ART0005324,ART0002866,,,,,13.5,0.3626666666666667,10.0,48.96
1038,ART0005325,ART0001590,,,,,73.33333333333333,0.004784090909090909,12.0,4.21
1039,ART0005328,ART0002958,,,,,24.0,0.168125,2.0,8.07
1040,ART0005339,ART0000131,,,,,210.0,0.01783673469387755,7.0,26.22
1041,ART0005341,ART0002195,,,,,100.0,0.032,1.0,3.2
1042,ART0005341,ART0002267,,,,,97.5,0.032,4.0,12.48
1043,ART0005341,ART0004420,,,,,40.0,0.032,10.0,12.8
1044,ART0005348,ART0000690,,,,,45.0,0.024933333333333335,10.0,11.22
1045,ART0005348,ART0001252,,,,,413.3333333333333,0.024935483870967744,3.0,30.92
1046,ART0005349,ART0005011,,,,,105.0,0.1891904761904762,2.0,39.73
1047,ART0005373,ART0000639,,,,,95.0,0.03625263157894736,10.0,34.44
1048,ART0005397,ART0005136,,,,,8.235294117647058,0.026642857142857142,51.0,11.19
1049,ART0005402,ART0001609,,,,,112.0,0.0018601190476190475,6.0,1.25
1050,ART0005402,ART0002112,,,,,65.0,0.0018717948717948717,6.0,0.73
1051,ART0005409,ART0002990,,,,,75.0,0.3388,1.0,25.41
1052,ART0005411,ART0002240,,,,,43.0,0.09069767441860464,2.0,7.8
1053,ART0005411,ART0002263,,,,,38.0,0.09078947368421053,1.0,3.45
1054,ART0005411,ART0005034,,,,,20.0,0.09075,2.0,3.63
1055,ART0005412,ART0000811,,,,,1.5,0.49,4.0,2.94
1056,ART0005416,ART0000893,,,,,22.5,0.078,4.0,7.02
1057,ART0005417,ART0001095,,,,,30.0,0.013000000000000001,1.0,0.39
1058,ART0005417,ART0004946,,,,,76.0,0.013001644736842106,16.0,15.81
1059,ART0005423,ART0004175,,,,,13.333333333333334,1.8667500000000001,3.0,74.67
1060,ART0005424,ART0004084,,,,,,0.0,0.0,0.0
1061,ART0005430,ART0003164,,,,,200.0,0.07200000000000001,1.0,14.4
1062,ART0005437,ART0000849,,,,,1.0,0.56,1.0,0.56
1063,ART0005438,ART0002133,,,,,1.0,5.0,7.0,35.0
1064,ART0005439,ART0002133,,,,,75.0,0.15300952380952382,7.0,80.33
1065,ART0005439,ART0002139,,,,,52.0,0.15298076923076923,2.0,15.91
1066,ART0005439,ART0002140,,,,,54.0,0.15296296296296297,2.0,16.52
1067,ART0005439,ART0002224,,,,,68.0,0.15299632352941178,16.0,166.46
1068,ART0005460,ART0002968,,,,,20.0,0.39049999999999996,2.0,15.62
1069,ART0005466,ART0002580,,,,,1.0,0.0,1.0,0.0
1070,ART0005467,ART0002494,,,,,1.0,18.666666666666668,3.0,56.0
1071,ART0005467,ART0002581,,,,,1.0,21.0,1.0,21.0
1072,ART0005468,ART0002961,,,,,20.0,0.7605000000000001,2.0,30.42
1073,ART0005468,ART0002962,,,,,20.0,0.7605000000000001,2.0,30.42
1074,ART0005468,ART0002963,,,,,18.0,0.7605555555555555,2.0,27.38
1075,ART0005468,ART0002989,,,,,50.0,0.7604000000000001,1.0,38.02
1076,ART0005469,ART0005028,,,,,65.0,0.30958974358974356,3.0,60.37
1077,ART0005470,ART0005136,,,,,1.9607843137254901,0.0,51.0,0.0
1078,ART0005471,ART0001497,,,,,13.333333333333334,0.6719999999999999,3.0,26.88
1079,ART0005480,ART0003105,,,,,110.0,0.005909090909090909,1.0,0.65
1080,ART0005483,ART0001180,,,,,105.0,0.0,6.0,0.0
1081,ART0005484,ART0001185,,,,,35.2,0.0,10.0,0.0
1082,ART0005485,ART0000324,,,,,15.0,0.3424,5.0,25.68
1083,ART0005485,ART0001794,,,,,90.36363636363636,0.3398893360160966,11.0,337.85
1084,ART0005485,ART0002552,,,,,1.6,0.3425,5.0,2.74
1085,ART0005485,ART0002866,,,,,9.0,0.249,10.0,22.41
1086,ART0005488,ART0004902,,,,,130.0,0.0683974358974359,12.0,106.7
1087,ART0005494,ART0002249,,,,,43.0,0.04052325581395349,4.0,6.97
1088,ART0005537,ART0004898,,,,,72.0,0.003344017094017094,13.0,3.13
1089,ART0005537,ART0005136,,,,,4.078431372549019,0.003317307692307692,51.0,0.69
1090,ART0005538,ART0004014,,,,,110.0,3.6310000000000002,1.0,399.41
1091,ART0005543,ART0005035,,,,,25.0,0.2722,2.0,13.61
1092,ART0005549,ART0002017,,,,,1.0,51.0,1.0,51.0
1093,ART0005560,ART0002502,,,,,20.0,0.1519285714285714,7.0,21.27
1094,ART0005568,ART0001208,,,,,82.0,0.10365853658536585,1.0,8.5
1095,ART0005568,ART0002306,,,,,42.0,0.10357142857142856,1.0,4.35
1096,ART0005590,ART0001046,,,,,113.33333333333333,0.0,3.0,0.0
1097,ART0005598,ART0001993,,,,,2.0,7.0,1.0,14.0
1098,ART0005610,ART0000228,,,,,250.0,0.0208,12.0,62.4
1099,ART0005614,ART0001433,,,,,50.0,0.005227272727272727,22.0,5.75
1100,ART0005623,ART0001117,,,,,0.125,30.0,8.0,30.0
1101,ART0005632,ART0002498,,,,,1.0,8.0,1.0,8.0
1102,ART0005633,ART0001129,,,,,1.0,15.5,2.0,31.0
1103,ART0005634,ART0001170,,,,,2.0,16.355,1.0,32.71
1104,ART0005634,ART0001202,,,,,1.0,12.0,1.0,12.0
1105,ART0005635,ART0005037,,,,,22.0,0.14289772727272726,16.0,50.3
1106,ART0005637,ART0001492,,,,,20.0,0.013500000000000002,3.0,0.81
1107,ART0005639,ART0005136,,,,,0.7843137254901961,0.0715,51.0,2.86
1108,ART0005651,ART0004886,,,,,1.0,11.0,12.0,132.0
1109,ART0005655,ART0002079,,,,,90.0,0.0017314814814814816,12.0,1.87
1110,ART0005657,ART0003099,,,,,60.0,0.00375,20.0,4.5
1111,ART0005657,ART0003132,,,,,35.0,0.0037500000000000003,8.0,1.05
1112,ART0005660,ART0002123,,,,,50.0,0.0007999999999999999,3.0,0.12
1113,ART0005664,ART0001740,,,,,105.0,0.08933333333333333,1.0,9.38
1114,ART0005666,ART0002707,,,,,1.0,17.0,1.0,17.0
1115,ART0005667,ART0004420,,,,,13.2,0.041590909090909095,10.0,5.49
1116,ART0005667,ART0004885,,,,,36.92307692307692,0.041604166666666664,13.0,19.97
1117,ART0005685,ART0002416,,,,,6.461538461538462,0.005,13.0,0.42
1118,ART0005685,ART0004717,,,,,130.0,0.004999999999999999,13.0,8.45
1119,ART0005721,ART0001164,,,,,1.0,9.5,3.0,28.5
1120,ART0005729,ART0001605,,,,,215.0,0.0006666666666666666,12.0,1.72
1121,ART0005750,ART0002385,,,,,120.0,0.09727999999999999,25.0,291.84
1122,ART0005775,ART0002619,,,,,1.0,7.7,1.0,7.7
1123,ART0005777,ART0002026,,,,,12.0,0.18208333333333335,4.0,8.74
1124,ART0005815,ART0002488,,,,,1.0,22.0,1.0,22.0
1125,ART0005816,ART0002451,,,,,250.0,0.04212,1.0,10.53
1126,ART0005824,ART0004357,,,,,20.0,0.13801,50.0,138.01
1127,ART0005827,ART0002513,,,,,20.0,0.0,7.0,0.0
1128,ART0005863,ART0005136,,,,,0.11764705882352941,0.0,51.0,0.0
1129,ART0005868,ART0001202,,,,,430.0,0.15169767441860466,1.0,65.23
1130,ART0005878,ART0003167,,,,,50.0,0.0011,4.0,0.22
1131,ART0005886,ART0004689,,,,,60.416666666666664,0.02750344827586207,12.0,19.94
1132,ART0005893,ART0000152,,,,,20.0,0.12689999999999999,5.0,12.69
1133,ART0005909,ART0002411,,,,,75.0,0.022083333333333333,8.0,13.25
1134,ART0005913,ART0002191,,,,,20.0,0.33925,2.0,13.57
1135,ART0005917,ART0001610,,,,,243.0,0.0005967078189300411,4.0,0.58
1136,ART0005930,ART0000229,,,,,130.0,0.005064102564102564,12.0,7.9
1137,ART0005935,ART0004675,,,,,45.0,0.014311111111111111,5.0,3.22
1138,ART0005943,ART0001731,,,,,2.0,4.5,10.0,90.0
