,NrArticolo,Descrizione,NrAreaProduzione,TempoRisorsa_x,ImpiegoUnitario_x,CostoOrario_x,QuantitydiOutput_x,TempoRisorsa_y,ImpiegoUnitario_y,CostoOrario_y,QuantitydiOutput_y
0,ART0000018,Controllo qualità,CQ,0.0,0.0,15.0,2.0,0.0,0.0,12.75,2.0
1,ART0000018,Fresatura,A30,1.0,0.5,50.0,2.0,0.75,0.375,51.0,2.0
2,ART0000018,Tornitura,A20,1.0,0.5,80.0,2.0,1.0,0.5,68.0,2.0
3,ART0000041,Controllo qualità,CQ,0.0,0.0,15.0,4.0,0.0,0.0,12.75,4.0
4,ART0000041,Fresatura,A30,0.0001,2.5e-05,80.0,4.0,1.25,0.3125,51.0,4.0
5,ART0000041,Tornitura,A20,3.0,0.75,80.0,4.0,4.5,1.125,51.0,4.0
6,ART0000042,Controllo qualità,CQ,0.0,0.0,15.0,4.0,0.0,0.0,12.75,4.0
7,ART0000042,Fresatura,A30,0.0001,2.5e-05,80.0,4.0,3.5,0.875,51.0,4.0
8,ART0000042,Tornitura,A20,4.0,1.0,80.0,4.0,5.0,1.25,51.0,4.0
9,ART0000043,Brocciatura / stozzatrice,A33,0.75,0.375,50.0,2.0,0.5,0.25,42.5,2.0
10,ART0000043,Controllo qualità,CQ,0.0,0.0,15.0,2.0,0.0,0.0,12.75,2.0
11,ART0000043,Fresatura,A30,1.5,0.75,55.0,2.0,0.25,0.125,51.0,2.0
12,ART0000043,Tornitura,A20,2.75,2.75,70.0,1.0,4.5001,2.25005,68.0,2.0
13,ART0000115,Controllo qualità,CQ,0.0,0.0,15.0,3.0,,,,
14,ART0000115,Tornitura,A20,18.0,6.0,80.0,3.0,,,,
15,ART0000116,Controllo qualità,CQ,0.0,0.0,15.0,3.0,0.0,0.0,12.75,3.0
16,ART0000116,Fresatura,A30,15.75,5.25,50.0,3.0,6.25,2.0833333333333335,46.75,3.0
17,ART0000116,Tornitura,A20,11.75,3.9166666666666665,80.0,3.0,3.75,1.875,68.0,2.0
18,ART0000119,Controllo qualità,CQ,0.0,0.0,15.0,5.0,,,,
19,ART0000119,Fresatura,A30,16.009999999999998,3.2019999999999995,50.0,5.0,7.0,1.4,42.5,5.0
20,ART0000121,Controllo qualità,CQ,0.0,0.0,15.0,15.0,0.0,0.0,12.75,16.0
21,ART0000125,Controllo qualità,CQ,0.0,0.0,15.0,2.0,0.0,0.0,12.75,3.0
22,ART0000125,Fresatura,A30,1.25,0.625,50.0,2.0,4.5,1.5,51.0,3.0
23,ART0000125,Tornitura,A20,6.0,3.0,60.0,2.0,6.0,2.0,59.5,3.0
24,ART0000128,Controllo qualità,CQ,0.0,0.0,15.0,10.0,0.0,0.0,12.75,11.0
25,ART0000129,Controllo qualità,CQ,0.0,0.0,15.0,6.0,0.0,0.0,12.75,5.0
26,ART0000129,Fresatura,A30,0.00030000000000000003,5e-05,80.0,6.0,0.009,,68.0,0.0
27,ART0000129,Tornitura,A20,17.0,2.8333333333333335,80.0,6.0,4.5,0.9,68.0,5.0
28,ART0000131,Controllo qualità,CQ,0.0,0.0,15.0,8.0,0.0,0.0,12.75,7.0
29,ART0000131,Tornitura,A20,5.5,0.6875,80.0,8.0,5.0,0.7142857142857143,68.0,7.0
30,ART0000151,Controllo qualità,CQ,0.0,0.0,15.0,5.0,0.0,0.0,12.75,5.0
31,ART0000151,Fresatura,A30,3.0,,50.0,0.0,3.25,0.65,51.0,5.0
32,ART0000152,Controllo qualità,CQ,0.0,0.0,15.0,5.0,0.0,0.0,12.75,5.0
33,ART0000152,Fresatura,A30,0.5,0.1,55.0,5.0,0.75,0.15,51.0,5.0
34,ART0000152,Tornitura,A20,3.25,0.65,80.0,5.0,5.25,1.05,68.0,5.0
35,ART0000157,Controllo qualità,CQ,0.0,0.0,15.0,1.0,,,,
36,ART0000157,Fresatura,A30,1.25,1.25,50.0,1.0,1.0,1.0,42.5,1.0
37,ART0000157,Tornitura,A20,8.0,8.0,80.0,1.0,15.0,,68.0,0.0
38,ART0000223,Controllo qualità,CQ,0.0,0.0,15.0,4.0,0.0,0.0,12.75,16.0
39,ART0000223,Fresatura,A30,5.0,1.25,50.0,4.0,9.25,0.5441176470588235,42.5,17.0
40,ART0000226,Controllo qualità,CQ,0.0,0.0,15.0,12.0,0.0,0.0,12.75,4.0
41,ART0000226,Fresatura,A30,21.499000000000002,1.7915833333333335,65.71428571428571,12.0,0.5,0.125,51.0,4.0
42,ART0000226,Saldatura,A11,3.5,0.2916666666666667,50.0,12.0,0.5,0.125,42.5,4.0
43,ART0000226,Tornitura,A20,41.5,3.4583333333333335,80.0,12.0,6.25,1.5625,68.0,4.0
44,ART0000227,Controllo qualità,CQ,0.0,0.0,15.0,40.0,0.0,0.0,12.75,6.0
45,ART0000227,Fresatura,A30,28.67,0.6992682926829269,62.5,41.0,1.0,0.16666666666666666,42.5,6.0
46,ART0000227,Tornitura,A20,16.0,0.4,80.0,40.0,14.0,2.3333333333333335,68.0,6.0
47,ART0000228,Controllo qualità,CQ,0.0,0.0,15.0,86.0,0.0,0.0,12.75,12.0
48,ART0000228,Fresatura,A30,23.0,0.26744186046511625,53.333333333333336,86.0,8.0,0.6666666666666666,51.0,12.0
49,ART0000229,Controllo qualità,CQ,0.0,0.0,15.0,98.0,0.0,0.0,12.75,12.0
50,ART0000229,Fresatura,A30,21.830099999999998,0.21830099999999997,72.0,100.0,7.5,0.625,59.5,12.0
51,ART0000229,Tornitura,A20,8.5,0.3541666666666667,80.0,24.0,,,,
52,ART0000308,Controllo qualità,CQ,0.0,0.0,15.0,25.0,0.0,0.0,12.75,25.0
53,ART0000308,Tornitura,A20,13.5,0.54,65.0,25.0,9.5,0.38,62.333333333333336,25.0
54,ART0000312,Controllo qualità,CQ,0.0,0.0,15.0,45.0,0.0,0.0,12.75,44.0
55,ART0000313,Controllo qualità,CQ,0.0,0.0,15.0,10.0,0.0,0.0,12.75,12.0
56,ART0000320,Controllo qualità,CQ,0.0,0.0,15.0,4.0,0.0,0.0,12.75,3.0
57,ART0000320,Fresatura,A30,2.5,0.625,50.0,4.0,2.0,0.6666666666666666,51.0,3.0
58,ART0000323,Controllo qualità,CQ,0.0,0.0,15.0,6.0,0.0,0.0,12.75,5.0
59,ART0000323,Fresatura,A30,6.5,1.0833333333333333,50.0,6.0,1.25,0.25,51.0,5.0
60,ART0000323,Tornitura,A20,5.5,1.1,60.0,5.0,,,,
61,ART0000324,Controllo qualità,CQ,0.0,0.0,15.0,9.0,0.0,0.0,12.75,5.0
62,ART0000325,Controllo qualità,CQ,0.0,0.0,15.0,8.0,0.0,0.0,12.75,5.0
63,ART0000325,Fresatura,A30,3.25,0.40625,50.0,8.0,0.5,0.1,51.0,5.0
64,ART0000456,Controllo qualità,CQ,0.0,0.0,15.0,20.0,0.0,0.0,12.75,10.0
65,ART0000456,Fresatura,A30,6.5,0.325,53.333333333333336,20.0,1.83,0.183,51.0,10.0
66,ART0000555,Controllo qualità,CQ,0.0,0.0,15.0,3.0,0.0,0.0,12.75,1.0
67,ART0000555,Fresatura,A30,1.25,0.4166666666666667,50.0,3.0,0.33,0.33,51.0,1.0
68,ART0000555,Tornitura,A20,7.25,2.4166666666666665,80.0,3.0,1.169,1.169,68.0,1.0
69,ART0000625,Controllo qualità,CQ,0.0,0.0,15.0,5.0,0.0,0.0,12.75,10.0
70,ART0000625,Fresatura,A30,12.5,2.5,53.333333333333336,5.0,10.5,1.05,42.5,10.0
71,ART0000627,Controllo qualità,CQ,0.0,0.0,15.0,17.0,0.0,0.0,12.75,25.0
72,ART0000627,Fresatura,A30,8.75,0.5147058823529411,56.666666666666664,17.0,9.75,0.39,42.5,25.0
73,ART0000628,Controllo qualità,CQ,0.0,0.0,15.0,10.0,0.0,0.0,12.75,11.0
74,ART0000628,Fresatura,A30,21.42,2.1420000000000003,55.0,10.0,18.0,1.6363636363636365,42.5,11.0
75,ART0000630,Controllo qualità,CQ,0.0,0.0,15.0,43.0,0.0,0.0,12.75,30.0
76,ART0000630,Fresatura,A30,23.5,0.5465116279069767,55.0,43.0,16.75,0.39880952380952384,42.5,42.0
77,ART0000635,Controllo qualità,CQ,0.0,0.0,15.0,10.0,0.0,0.0,12.75,10.0
78,ART0000635,Fresatura,A30,2.0,0.2,55.0,10.0,3.5,0.35,42.5,10.0
79,ART0000638,Fresatura,A30,3.0,0.3,55.0,10.0,1.0,0.1,42.5,10.0
80,ART0000639,Controllo qualità,CQ,0.0,0.0,15.0,11.0,0.0,0.0,12.75,10.0
81,ART0000639,Fresatura,A30,4.0,0.36363636363636365,50.0,11.0,2.25,0.225,42.5,10.0
82,ART0000641,Controllo qualità,CQ,0.0,0.0,15.0,5.0,,,,
83,ART0000641,Fresatura,A30,7.5,0.75,53.333333333333336,10.0,2.0,0.4,51.0,5.0
84,ART0000641,Tornitura,A20,1.0,0.2,80.0,5.0,0.75,0.15,68.0,5.0
85,ART0000642,Controllo qualità,CQ,0.0,0.0,15.0,5.0,0.0,0.0,12.75,5.0
86,ART0000642,Fresatura,A30,2.5,0.5,50.0,5.0,3.5,0.7,42.5,5.0
87,ART0000642,Tornitura,A20,1.75,0.35,80.0,5.0,,,,
88,ART0000643,Tornitura,A20,2.0,0.03225806451612903,80.0,62.0,1.5,0.029411764705882353,68.0,51.0
89,ART0000644,Controllo qualità,CQ,0.0,0.0,15.0,30.0,0.0,0.0,12.75,31.0
90,ART0000644,Fresatura,A30,28.5,0.95,55.0,30.0,23.0,0.71875,42.5,32.0
91,ART0000645,Controllo qualità,CQ,0.0,0.0,15.0,32.0,0.0,0.0,12.75,23.0
92,ART0000645,Fresatura,A30,9.00001,0.2812503125,60.0,32.0,1.0019,,68.0,0.0
93,ART0000645,Tornitura,A20,7.25,0.2265625,60.0,32.0,12.5,0.5434782608695652,68.0,23.0
94,ART0000690,Controllo qualità,CQ,0.0,0.0,15.0,7.0,0.0,0.0,12.75,10.0
95,ART0000690,Tornitura,A20,10.0,1.4285714285714286,68.0,7.0,2.5,0.25,51.0,10.0
96,ART0000697,Controllo qualità,CQ,0.0,0.0,15.0,10.0,0.0,0.0,12.75,4.0
97,ART0000697,Fresatura,A30,1.0,0.07692307692307693,50.0,13.0,,,,
98,ART0000697,Tornitura,A20,7.0,0.7,70.0,10.0,7.5,1.875,68.0,4.0
99,ART0000748,Controllo qualità,CQ,0.0,0.0,15.0,80.0,0.0,0.0,12.75,50.0
100,ART0000748,Montaggio,A40,75.5,0.94375,50.0,80.0,16.75,0.335,42.5,50.0
101,ART0000749,Controllo qualità,CQ,0.0,0.0,15.0,1.0,0.0,0.0,12.75,2.0
102,ART0000749,Montaggio,A40,0.5,0.5,50.0,1.0,,,,
103,ART0000752,Controllo qualità,CQ,0.0,0.0,15.0,10.0,0.0,0.0,12.75,6.0
104,ART0000752,Montaggio,A40,11.83,1.183,50.0,10.0,6.75,1.125,42.5,6.0
105,ART0000753,Controllo qualità,CQ,0.0,0.0,15.0,10.0,0.0,0.0,12.75,10.0
106,ART0000753,Montaggio,A40,2.0,0.2,50.0,10.0,1.5,0.15,42.5,10.0
107,ART0000756,Controllo qualità,CQ,1.5,0.3,15.0,5.0,0.0,0.0,12.75,13.0
108,ART0000756,Montaggio,A40,5.5,1.1,50.0,5.0,7.5,0.5769230769230769,42.5,13.0
109,ART0000757,Controllo qualità,CQ,0.0,0.0,15.0,1.0,0.0,0.0,12.75,1.0
110,ART0000757,Montaggio,A40,0.5,0.5,50.0,1.0,,,,
111,ART0000758,Controllo qualità,CQ,0.0,0.0,15.0,3.0,0.0,0.0,12.75,6.0
112,ART0000758,Montaggio,A40,3.51,1.17,52.0,3.0,2.5,0.25,42.5,10.0
113,ART0000762,Controllo qualità,CQ,0.0,0.0,15.0,10.0,0.0,0.0,12.75,20.0
114,ART0000762,Montaggio,A40,3.5,0.35,50.0,10.0,26.5,1.325,42.5,20.0
115,ART0000765,Controllo qualità,CQ,0.0,0.0,15.0,1.0,0.0,0.0,12.75,1.0
116,ART0000765,Montaggio,A40,0.169,0.169,50.0,1.0,0.25,0.25,42.5,1.0
117,ART0000769,Controllo qualità,CQ,0.0,0.0,15.0,1.0,0.0,0.0,12.75,3.0
118,ART0000769,Montaggio,A40,0.5,0.5,50.0,1.0,0.5,0.16666666666666666,42.5,3.0
119,ART0000772,Controllo qualità,CQ,0.0,0.0,15.0,1.0,0.0,0.0,12.75,1.0
120,ART0000772,Montaggio,A40,1.1600000000000001,1.1600000000000001,50.0,1.0,3.5,1.75,42.5,2.0
121,ART0000778,Controllo qualità,CQ,0.0,0.0,15.0,3.0,0.0,0.0,12.75,1.0
122,ART0000778,Montaggio,A40,2.75,0.9166666666666666,50.0,3.0,,,,
123,ART0000779,Controllo qualità,CQ,0.0,0.0,15.0,2.0,0.0,0.0,12.75,2.0
124,ART0000779,Montaggio,A40,1.05,0.525,50.0,2.0,0.5,0.25,42.5,2.0
125,ART0000780,Controllo qualità,CQ,0.0,0.0,15.0,1.0,0.0,0.0,12.75,2.0
126,ART0000780,Montaggio,A40,0.25,0.25,50.0,1.0,1.0,0.5,42.5,2.0
127,ART0000782,Controllo qualità,CQ,0.0,0.0,15.0,5.0,0.0,0.0,12.75,5.0
128,ART0000782,Montaggio,A40,8.829,1.7658,50.0,5.0,4.25,1.4166666666666667,42.5,3.0
129,ART0000783,Controllo qualità,CQ,0.0,0.0,15.0,5.0,0.0,0.0,12.75,2.0
130,ART0000783,Montaggio,A40,7.51,1.502,50.0,5.0,2.0,0.3333333333333333,42.5,6.0
131,ART0000784,Controllo qualità,CQ,0.0,0.0,15.0,5.0,0.0,0.0,12.75,5.0
132,ART0000784,Montaggio,A40,4.5,0.9,50.0,5.0,3.75,0.75,42.5,5.0
133,ART0000786,Controllo qualità,CQ,0.0,0.0,15.0,2.0,0.0,0.0,12.75,3.0
134,ART0000786,Montaggio,A40,1.3800000000000001,0.6900000000000001,50.0,2.0,2.75,0.9166666666666666,42.5,3.0
135,ART0000788,Controllo qualità,CQ,0.169,0.169,15.0,1.0,0.0,0.0,12.75,1.0
136,ART0000788,Montaggio,A40,1.25,1.25,50.0,1.0,1.25,1.25,42.5,1.0
137,ART0000790,Controllo qualità,CQ,0.0,0.0,15.0,1.0,0.0,0.0,12.75,1.0
138,ART0000790,Montaggio,A40,0.8300000000000001,0.8300000000000001,50.0,1.0,0.5,0.5,42.5,1.0
139,ART0000795,Controllo qualità,CQ,0.0,0.0,15.0,22.0,0.0,0.0,12.75,19.0
140,ART0000795,Montaggio,A40,28.5,1.78125,50.0,16.0,23.0,1.2105263157894737,42.5,19.0
141,ART0000796,Controllo qualità,CQ,0.0,0.0,15.0,2.0,0.0,0.0,12.75,1.0
142,ART0000796,Montaggio,A40,1.0,0.5,60.0,2.0,0.25,0.25,42.5,1.0
143,ART0000797,Controllo qualità,CQ,0.0,0.0,15.0,1.0,0.0,0.0,12.75,1.0
144,ART0000797,Montaggio,A40,0.41900000000000004,0.41900000000000004,50.0,1.0,,,,
145,ART0000804,Controllo qualità,CQ,0.0,0.0,15.0,4.0,0.0,0.0,12.75,3.0
146,ART0000804,Montaggio,A40,2.75,0.6875,50.0,4.0,2.75,0.275,42.5,10.0
147,ART0000805,Controllo qualità,CQ,0.0,0.0,15.0,2.0,0.0,0.0,12.75,1.0
148,ART0000805,Montaggio,A40,1.0,0.5,50.0,2.0,1.0,1.0,42.5,1.0
149,ART0000811,Controllo qualità,CQ,0.0,0.0,15.0,6.0,0.0,0.0,12.75,4.0
150,ART0000811,Montaggio,A40,13.0,2.1666666666666665,50.0,6.0,3.5,0.875,42.5,4.0
151,ART0000812,Controllo qualità,CQ,0.0,0.0,15.0,2.0,0.0,0.0,12.75,6.0
152,ART0000812,Montaggio,A40,1.33,0.665,50.0,2.0,4.5,0.75,42.5,6.0
153,ART0000814,Controllo qualità,CQ,0.0,0.0,15.0,1.0,0.0,0.0,12.75,1.0
154,ART0000825,Controllo qualità,CQ,0.0,0.0,15.0,2.0,0.0,0.0,12.75,3.0
155,ART0000825,Fresatura,A30,1.75,0.875,50.0,2.0,,,,
156,ART0000825,Montaggio,A40,2.33,1.165,50.0,2.0,3.5,1.1666666666666667,42.5,3.0
157,ART0000826,Controllo qualità,CQ,0.0,0.0,15.0,1.0,0.0,0.0,12.75,1.0
158,ART0000826,Montaggio,A40,0.33,0.33,50.0,1.0,3.0,1.0,42.5,3.0
159,ART0000830,Controllo qualità,CQ,0.0,0.0,15.0,1.0,0.0,0.0,12.75,1.0
160,ART0000830,Montaggio,A40,2.0,2.0,50.0,1.0,,,,
161,ART0000841,Controllo qualità,CQ,0.0,0.0,15.0,1.0,,,,
162,ART0000841,Montaggio,A40,6.0,6.0,50.0,1.0,2.0,2.0,42.5,1.0
163,ART0000843,Controllo qualità,CQ,0.0,0.0,15.0,2.0,0.0,0.0,12.75,2.0
164,ART0000843,Montaggio,A40,1.0,0.5,50.0,2.0,0.75,0.375,42.5,2.0
165,ART0000845,Controllo qualità,CQ,0.0,0.0,15.0,1.0,0.0,0.0,12.75,1.0
166,ART0000845,Montaggio,A40,1.0,1.0,50.0,1.0,1.0,1.0,42.5,1.0
167,ART0000847,Controllo qualità,CQ,0.0,0.0,15.0,10.0,0.0,0.0,12.75,2.0
168,ART0000847,Montaggio,A40,24.5,2.45,50.0,10.0,1.0,0.5,42.5,2.0
169,ART0000848,Controllo qualità,CQ,0.0,0.0,15.0,15.0,0.0,0.0,12.75,15.0
170,ART0000848,Montaggio,A40,21.25,1.4166666666666667,50.0,15.0,7.5,0.5,42.5,15.0
171,ART0000849,Controllo qualità,CQ,0.0,0.0,15.0,9.0,0.0,0.0,12.75,1.0
172,ART0000849,Montaggio,A40,2.8,0.3111111111111111,50.0,9.0,0.5,0.5,42.5,1.0
173,ART0000850,Controllo qualità,CQ,0.0,0.0,15.0,5.0,0.0,0.0,12.75,8.0
174,ART0000850,Montaggio,A40,1.8399999999999999,0.368,50.0,5.0,0.25,0.08333333333333333,42.5,3.0
175,ART0000851,Controllo qualità,CQ,0.0,0.0,15.0,15.0,0.0,0.0,12.75,15.0
176,ART0000851,Montaggio,A40,11.5,0.7666666666666667,50.0,15.0,2.5,0.16666666666666666,42.5,15.0
177,ART0000853,Controllo qualità,CQ,0.0,0.0,15.0,20.0,0.0,0.0,12.75,15.0
178,ART0000853,Montaggio,A40,11.75,0.5875,50.0,20.0,6.75,0.45,42.5,15.0
179,ART0000877,Controllo qualità,CQ,0.0,0.0,15.0,3.0,0.0,0.0,12.75,4.0
180,ART0000877,Fresatura,A30,10.25,3.4166666666666665,55.0,3.0,3.5,0.875,51.0,4.0
181,ART0000878,Controllo qualità,CQ,0.0,0.0,15.0,3.0,0.0,0.0,12.75,4.0
182,ART0000878,Fresatura,A30,9.0,3.0,55.0,3.0,3.5,0.875,51.0,4.0
183,ART0000879,Controllo qualità,CQ,0.0,0.0,15.0,3.0,0.0,0.0,12.75,4.0
184,ART0000879,Fresatura,A30,1.3401,0.44670000000000004,65.0,3.0,1.75,0.4375,42.5,4.0
185,ART0000879,Tornitura,A20,5.0,1.6666666666666667,80.0,3.0,,,,
186,ART0000880,Controllo qualità,CQ,0.0,0.0,15.0,15.0,0.0,0.0,12.75,16.0
187,ART0000880,Tornitura,A20,4.0,0.26666666666666666,80.0,15.0,1.5,0.09375,51.0,16.0
188,ART0000881,Controllo qualità,CQ,0.0,0.0,15.0,3.0,0.0,0.0,12.75,4.0
189,ART0000881,Fresatura,A30,8.0,2.6666666666666665,55.0,3.0,2.25,0.5625,46.75,4.0
190,ART0000881,Tornitura,A20,7.75,2.5833333333333335,80.0,3.0,3.0,0.75,51.0,4.0
191,ART0000882,Controllo qualità,CQ,0.0,0.0,15.0,15.0,0.0,0.0,12.75,16.0
192,ART0000882,Fresatura,A30,0.83,0.05533333333333333,50.0,15.0,0.5,0.03125,68.0,16.0
193,ART0000882,Tornitura,A20,4.5,0.3,80.0,15.0,2.5,0.15625,68.0,16.0
194,ART0000883,Controllo qualità,CQ,0.0,0.0,15.0,3.0,0.0,0.0,12.75,4.0
195,ART0000883,Fresatura,A30,1.75,0.5833333333333334,50.0,3.0,1.0,,42.5,0.0
196,ART0000883,Tornitura,A20,1.5,0.5,80.0,3.0,2.5,0.625,68.0,4.0
197,ART0000885,Controllo qualità,CQ,0.0,0.0,15.0,3.0,0.0,0.0,12.75,4.0
198,ART0000885,Fresatura,A30,6.0,2.0,55.0,3.0,2.5,0.625,51.0,4.0
199,ART0000887,Controllo qualità,CQ,0.0,0.0,15.0,2.0,0.0,0.0,12.75,4.0
200,ART0000887,Tornitura,A20,1.0,0.5,80.0,2.0,0.75,0.1875,68.0,4.0
201,ART0000888,Controllo qualità,CQ,0.0,0.0,15.0,3.0,0.0,0.0,12.75,4.0
202,ART0000888,Fresatura,A30,1.5,0.5,55.0,3.0,2.0,0.5,42.5,4.0
203,ART0000888,Tornitura,A20,2.0,0.6666666666666666,80.0,3.0,3.0,0.75,68.0,4.0
204,ART0000888,Tornitura (anche delle bussole saldate),A20,1.5,0.75,80.0,2.0,,,,
205,ART0000889,Controllo qualità,CQ,0.0,0.0,15.0,4.0,0.0,0.0,12.75,4.0
206,ART0000889,Fresatura,A30,3.0001,0.750025,65.0,4.0,3.0,0.75,42.5,4.0
207,ART0000889,Tornitura,A20,7.5,1.875,70.0,4.0,4.0,1.0,51.0,4.0
208,ART0000890,Controllo qualità,CQ,0.0,0.0,15.0,7.0,0.0,0.0,12.75,4.0
209,ART0000890,Fresatura,A30,1.25,0.17857142857142858,50.0,7.0,0.75,0.1875,42.5,4.0
210,ART0000890,Tornitura,A20,2.25,0.32142857142857145,80.0,7.0,1.0,0.25,51.0,4.0
211,ART0000891,Fresatura,A30,7.0,1.1666666666666667,80.0,6.0,8.5,0.85,46.75,10.0
212,ART0000893,Controllo qualità,CQ,0.0,0.0,15.0,5.0,0.0,0.0,12.75,4.0
213,ART0000893,Fresatura,A30,3.5,0.7,55.0,5.0,1.0,0.25,68.0,4.0
214,ART0000893,Tornitura,A20,17.5,3.5,80.0,5.0,13.5,3.375,59.5,4.0
215,ART0001017,Controllo qualità,CQ,0.0,0.0,15.0,1.0,0.0,0.0,12.75,1.0
216,ART0001017,Montaggio,A40,0.4,0.4,50.0,1.0,0.9,0.9,42.5,1.0
217,ART0001018,Controllo qualità,CQ,0.0,0.0,15.0,1.0,0.0,0.0,12.75,1.0
218,ART0001018,Montaggio,A40,0.5,0.5,50.0,1.0,,,,
219,ART0001046,Controllo qualità,CQ,0.0,0.0,15.0,14.0,0.0,0.0,12.75,2.0
220,ART0001046,Fresatura,A30,26.25,1.875,52.5,14.0,6.25,2.0833333333333335,42.5,3.0
221,ART0001046,Saldatura,A11,1.579,0.11278571428571428,50.0,14.0,,,,
222,ART0001047,Controllo qualità,CQ,0.0,0.0,15.0,11.0,0.0,0.0,12.75,2.0
223,ART0001047,Fresatura,A30,20.0,1.8181818181818181,52.0,11.0,4.5,2.25,42.5,2.0
224,ART0001047,Saldatura,A11,2.5,0.3125,50.0,8.0,0.5,0.25,42.5,2.0
225,ART0001095,Controllo qualità,CQ,0.0,0.0,15.0,4.0,0.0,0.0,12.75,1.0
226,ART0001095,Fresatura,A30,3.0,0.75,53.333333333333336,4.0,1.25,1.25,42.5,1.0
227,ART0001095,Saldatura,A11,1.25,0.3125,50.0,4.0,,,,
228,ART0001099,Controllo qualità,CQ,0.0,0.0,15.0,7.0,0.0,0.0,12.75,4.0
229,ART0001099,Fresatura,A30,5.5,0.7857142857142857,50.0,7.0,2.25,0.5625,51.0,4.0
230,ART0001100,Fresatura,A30,1.0,0.25,50.0,4.0,1.5,0.375,51.0,4.0
231,ART0001100,Tornitura,A20,2.5,0.625,60.0,4.0,,,,
232,ART0001102,Controllo qualità,CQ,0.0,0.0,15.0,7.0,0.0,0.0,12.75,4.0
233,ART0001102,Fresatura,A30,1.5,0.21428571428571427,50.0,7.0,0.5,0.125,51.0,4.0
234,ART0001102,Tornitura,A20,2.5,1.25,60.0,2.0,,,,
235,ART0001104,Controllo qualità,CQ,0.0,0.0,15.0,7.0,0.0,0.0,12.75,4.0
236,ART0001104,Fresatura,A30,1.5,0.21428571428571427,50.0,7.0,0.75,0.1875,51.0,4.0
237,ART0001104,Tornitura,A20,1.5,0.75,60.0,2.0,,,,
238,ART0001110,Controllo qualità,CQ,0.0,0.0,15.0,5.0,0.0,0.0,12.75,1.0
239,ART0001110,Fresatura,A30,5.75,1.15,50.0,5.0,1.0,1.0,42.5,1.0
240,ART0001110,Tornitura,A20,6.0,1.2,80.0,5.0,,,,
241,ART0001113,Controllo qualità,CQ,0.0,0.0,15.0,5.0,0.0,0.0,12.75,1.0
242,ART0001113,Fresatura,A30,1.75,0.35,50.0,5.0,0.5,0.5,42.5,1.0
243,ART0001113,Tornitura,A20,8.25,2.0625,80.0,4.0,1.75,1.75,68.0,1.0
244,ART0001117,Controllo qualità,CQ,0.0,0.0,15.0,5.0,0.0,0.0,12.75,1.0
245,ART0001117,Fresatura,A30,8.669,1.7338,50.0,5.0,6.5,5.2,48.166666666666664,1.25
246,ART0001117,Saldatura,A11,1.87,1.87,50.0,1.0,,,,
247,ART0001117,Tornitura,A20,36.2,7.24,80.0,5.0,24.25,3.03125,68.0,8.0
248,ART0001129,Controllo qualità,CQ,0.0,0.0,15.0,2.0,0.0,0.0,12.75,2.0
249,ART0001129,Fresatura,A30,0.0001,5e-05,80.0,2.0,1.0,0.5,51.0,2.0
250,ART0001129,Tornitura,A20,2.5,1.25,80.0,2.0,,,,
251,ART0001149,Controllo qualità,CQ,0.0,0.0,15.0,15.0,0.0,0.0,12.75,12.0
252,ART0001149,Tornitura,A20,7.75,0.5166666666666667,70.0,15.0,6.5,0.5416666666666666,51.0,12.0
253,ART0001154,Controllo qualità,CQ,0.0,0.0,15.0,27.0,0.0,0.0,12.75,50.0
254,ART0001154,Tornitura,A20,4.5,0.1875,60.0,24.0,15.0,0.3,63.75,50.0
255,ART0001162,Controllo qualità,CQ,0.0,0.0,15.0,1.0,0.0,0.0,12.75,1.0
256,ART0001162,Fresatura,A30,1.83,1.83,50.0,1.0,1.25,1.25,51.0,1.0
257,ART0001162,Tornitura,A20,6.0,6.0,80.0,1.0,5.5,5.5,68.0,1.0
258,ART0001164,Controllo qualità,CQ,0.0,0.0,15.0,3.0,0.0,0.0,12.75,3.0
259,ART0001164,Fresatura,A30,3.0,1.0,55.0,3.0,1.0,0.3333333333333333,42.5,3.0
260,ART0001164,Tornitura,A20,3.25,1.0833333333333333,80.0,3.0,5.0,1.6666666666666667,68.0,3.0
261,ART0001170,Controllo qualità,CQ,0.0,0.0,15.0,2.0,0.0,0.0,12.75,1.0
262,ART0001170,Fresatura,A30,4.75,2.375,50.0,2.0,1.25,1.25,46.75,1.0
263,ART0001170,Saldatura,A11,0.5800000000000001,0.29000000000000004,50.0,2.0,0.25,0.25,42.5,1.0
264,ART0001170,Tornitura,A20,7.5,3.75,80.0,2.0,2.5,2.5,59.5,1.0
265,ART0001174,Brocciatura / stozzatrice,A33,0.5,0.5,50.0,1.0,,,,
266,ART0001174,Controllo qualità,CQ,0.0,0.0,15.0,6.0,,,,
267,ART0001174,Fresatura,A30,4.0,0.6666666666666666,50.0,6.0,4.0,2.0,42.5,2.0
268,ART0001174,Saldatura,A11,2.0,0.3333333333333333,50.0,6.0,,,,
269,ART0001174,Tornitura,A20,16.5,2.75,73.33333333333333,6.0,6.5,3.25,68.0,2.0
270,ART0001180,Controllo qualità,CQ,0.0,0.0,15.0,10.0,0.0,0.0,12.75,5.0
271,ART0001180,Fresatura,A30,5.919,0.5919,55.0,10.0,0.5,0.08333333333333333,51.0,6.0
272,ART0001180,Tornitura,A20,2.5,0.25,60.0,10.0,2.0,0.3333333333333333,51.0,6.0
273,ART0001185,Controllo qualità,CQ,0.0,0.0,15.0,23.0,0.0,0.0,12.75,10.0
274,ART0001185,Fresatura,A30,13.91,0.6047826086956521,50.0,23.0,3.75,0.375,51.0,10.0
275,ART0001185,Tornitura,A20,20.75,0.9021739130434783,60.0,23.0,10.5,1.05,59.5,10.0
276,ART0001188,Controllo qualità,CQ,0.0,0.0,15.0,3.0,0.0,0.0,12.75,1.0
277,ART0001188,Tornitura,A20,2.0,0.6666666666666666,60.0,3.0,0.5,0.5,68.0,1.0
278,ART0001190,Controllo qualità,CQ,0.0,0.0,15.0,6.0,,,,
279,ART0001190,Tornitura,A20,1.0,0.16666666666666666,80.0,6.0,1.25,0.20833333333333334,68.0,6.0
280,ART0001202,Controllo qualità,CQ,0.0,0.0,15.0,1.0,0.0,0.0,12.75,1.0
281,ART0001202,Fresatura,A30,2.5,2.5,50.0,1.0,1.33,1.33,59.5,1.0
282,ART0001202,Saldatura,A11,0.5,0.5,50.0,1.0,,,,
283,ART0001202,Tornitura,A20,6.25,6.25,80.0,1.0,5.75,5.75,68.0,1.0
284,ART0001203,Controllo qualità,CQ,0.0,0.0,15.0,1.0,0.0,0.0,12.75,1.0
285,ART0001203,Fresatura,A30,2.75,2.75,50.0,1.0,1.58,1.58,59.5,1.0
286,ART0001203,Saldatura,A11,0.25,0.25,50.0,1.0,,,,
287,ART0001203,Tornitura,A20,3.75,3.75,80.0,1.0,,,,
288,ART0001208,Controllo qualità,CQ,0.0,0.0,15.0,2.0,0.0,0.0,12.75,1.0
289,ART0001208,Fresatura,A30,4.33,2.165,50.0,2.0,2.5,2.5,51.0,1.0
290,ART0001208,Tornitura,A20,3.5,1.75,80.0,2.0,3.25,3.25,68.0,1.0
291,ART0001214,Controllo qualità,CQ,0.0,0.0,15.0,2.0,0.0,0.0,12.75,1.0
292,ART0001214,Fresatura,A30,4.9190000000000005,2.4595000000000002,50.0,2.0,1.0,1.0,51.0,1.0
293,ART0001214,Saldatura,A11,1.75,1.75,50.0,1.0,,,,
294,ART0001214,Tornitura,A20,12.25,6.125,80.0,2.0,3.0,3.0,51.0,1.0
295,ART0001215,Controllo qualità,CQ,0.0,0.0,15.0,2.0,0.0,0.0,12.75,2.0
296,ART0001215,Tornitura,A20,5.0,2.5,80.0,2.0,3.75,1.875,68.0,2.0
297,ART0001218,Controllo qualità,CQ,0.0,0.0,15.0,1.0,,,,
298,ART0001218,Tornitura,A20,0.5,0.5,80.0,1.0,0.5,0.5,68.0,1.0
299,ART0001219,Controllo qualità,CQ,0.0,0.0,15.0,2.0,0.0,0.0,12.75,2.0
300,ART0001219,Tornitura,A20,1.0,0.5,80.0,2.0,0.67,0.335,68.0,2.0
301,ART0001228,Controllo qualità,CQ,0.0,0.0,15.0,15.0,0.0,0.0,12.75,1.0
302,ART0001228,Saldatura,A11,4.5,0.3,50.0,15.0,,,,
303,ART0001228,Tornitura,A20,0.08002,0.005334666666666666,80.0,15.0,0.27,0.27,68.0,1.0
304,ART0001238,Controllo qualità,CQ,0.0,0.0,15.0,1.0,0.0,0.0,12.75,1.0
305,ART0001238,Tornitura,A20,0.75,0.75,80.0,1.0,1.0,1.0,68.0,1.0
306,ART0001244,Controllo qualità,CQ,0.0,0.0,15.0,1.0,0.0,0.0,12.75,1.0
307,ART0001244,Fresatura,A30,1.5,1.5,50.0,1.0,3.5,3.5,46.75,1.0
308,ART0001244,Saldatura,A11,0.33,0.33,50.0,1.0,0.5,0.5,51.0,1.0
309,ART0001244,Tornitura,A20,4.0,4.0,80.0,1.0,9.0,9.0,68.0,1.0
310,ART0001249,Controllo qualità,CQ,0.0,0.0,15.0,1.0,0.0,0.0,12.75,1.0
311,ART0001249,Tornitura,A20,0.75,0.75,80.0,1.0,1.5,0.75,68.0,2.0
312,ART0001252,Controllo qualità,CQ,0.0,0.0,15.0,3.0,0.0,0.0,12.75,3.0
313,ART0001252,Fresatura,A30,9.0,3.0,50.0,3.0,4.75,1.5833333333333333,51.0,3.0
314,ART0001252,Tornitura,A20,15.0,5.0,75.0,3.0,10.5,3.5,56.666666666666664,3.0
315,ART0001253,Controllo qualità,CQ,0.0,0.0,15.0,1.0,0.0,0.0,12.75,1.0
316,ART0001253,Fresatura,A30,0.5,0.5,50.0,1.0,0.5,0.5,51.0,1.0
317,ART0001253,Tornitura,A20,1.0,1.0,80.0,1.0,1.0,1.0,68.0,1.0
318,ART0001261,Controllo qualità,CQ,0.0,0.0,15.0,5.0,0.0,0.0,12.75,1.0
319,ART0001261,Tornitura,A20,2.339,0.4678,80.0,5.0,0.5,0.5,68.0,1.0
320,ART0001263,Controllo qualità,CQ,0.0,0.0,15.0,4.0,0.0,0.0,12.75,1.0
321,ART0001263,Tornitura,A20,0.919,0.18380000000000002,80.0,5.0,0.5,0.5,68.0,1.0
322,ART0001264,Controllo qualità,CQ,0.0,0.0,15.0,1.0,0.0,0.0,12.75,1.0
323,ART0001264,Tornitura,A20,0.22999999999999998,0.22999999999999998,80.0,1.0,0.08,0.08,68.0,1.0
324,ART0001265,Controllo qualità,CQ,0.0,0.0,15.0,1.0,0.0,0.0,12.75,1.0
325,ART0001265,Fresatura,A30,5.0,5.0,50.0,1.0,6.5,6.5,46.75,1.0
326,ART0001265,Fresatura (sistemazione ore),A30,0.0,0.0,50.0,1.0,,,,
327,ART0001265,Tornitura,A20,12.5,12.5,80.0,1.0,18.5,18.5,68.0,1.0
328,ART0001266,Controllo qualità,CQ,0.0,0.0,15.0,1.0,0.0,0.0,12.75,1.0
329,ART0001266,Fresatura,A30,1.0,1.0,50.0,1.0,0.5,0.5,51.0,1.0
330,ART0001266,Tornitura,A20,5.0,5.0,80.0,1.0,6.0,6.0,68.0,1.0
331,ART0001267,Controllo qualità,CQ,0.0,0.0,15.0,1.0,0.0,0.0,12.75,1.0
332,ART0001267,Tornitura,A20,0.75,0.75,80.0,1.0,0.75,0.75,68.0,1.0
333,ART0001272,Controllo qualità,CQ,0.0,0.0,15.0,10.0,,,,
334,ART0001272,Fresatura,A30,0.0001,1e-05,80.0,10.0,18.5,1.6818181818181819,46.75,11.0
335,ART0001272,Tornitura,A20,23.0,2.3,80.0,10.0,6.0,0.5454545454545454,51.0,11.0
336,ART0001276,Controllo qualità,CQ,0.0,0.0,15.0,1.0,0.0,0.0,12.75,1.0
337,ART0001276,Tornitura,A20,0.08,0.08,80.0,1.0,0.08,0.08,68.0,1.0
338,ART0001277,Controllo qualità,CQ,0.0,0.0,15.0,1.0,0.0,0.0,12.75,1.0
339,ART0001277,Tornitura,A20,0.169,0.169,60.0,1.0,,,,
340,ART0001290,Controllo qualità,CQ,0.0,0.0,15.0,1.0,0.0,0.0,12.75,1.0
341,ART0001290,Tornitura,A20,0.08,0.08,80.0,1.0,0.5,0.5,68.0,1.0
342,ART0001294,Controllo qualità,CQ,0.0,0.0,15.0,1.0,0.0,0.0,12.75,3.0
343,ART0001294,Tornitura,A20,0.08,0.08,80.0,1.0,0.58,0.19333333333333333,68.0,3.0
344,ART0001391,Controllo qualità,CQ,0.0,0.0,15.0,10.0,0.0,0.0,12.75,39.0
345,ART0001391,Tornitura,A20,1.75,0.175,80.0,10.0,1.75,0.04487179487179487,51.0,39.0
346,ART0001409,Controllo qualità,CQ,0.0,0.0,15.0,49.0,0.0,0.0,12.75,50.0
347,ART0001409,Tornitura,A20,6.0,0.12,60.0,50.0,2.0,0.04,51.0,50.0
348,ART0001422,Controllo qualità,CQ,0.0,0.0,15.0,20.0,0.0,0.0,12.75,24.0
349,ART0001422,Tornitura,A20,1.0,0.05,60.0,20.0,1.75,0.07291666666666667,68.0,24.0
350,ART0001427,Controllo qualità,CQ,0.0,0.0,15.0,53.0,0.0,0.0,12.75,12.0
351,ART0001427,Tornitura,A20,4.0,0.07547169811320754,80.0,53.0,0.5,0.041666666666666664,68.0,12.0
352,ART0001429,Controllo qualità,CQ,0.0,0.0,15.0,30.0,0.0,0.0,12.75,37.0
353,ART0001429,Tornitura,A20,3.5,0.11290322580645161,70.0,31.0,1.0,0.02702702702702703,68.0,37.0
354,ART0001433,Controllo qualità,CQ,0.0,0.0,15.0,20.0,0.0,0.0,12.75,22.0
355,ART0001433,Tornitura,A20,1.75,0.0875,60.0,20.0,3.25,0.14772727272727273,51.0,22.0
356,ART0001441,Controllo qualità,CQ,0.0,0.0,15.0,2.0,0.0,0.0,12.75,2.0
357,ART0001441,Tornitura,A20,0.5,0.25,60.0,2.0,1.25,0.625,68.0,2.0
358,ART0001492,Controllo qualità,CQ,0.0,0.0,15.0,3.0,,,,
359,ART0001492,Tornitura,A20,0.5,0.16666666666666666,80.0,3.0,0.75,0.25,68.0,3.0
360,ART0001493,Controllo qualità,CQ,0.0,0.0,15.0,3.0,0.0,0.0,12.75,1.0
361,ART0001493,Tornitura,A20,2.5,1.25,80.0,2.0,2.5,2.5,68.0,1.0
362,ART0001497,Controllo qualità,CQ,0.0,0.0,15.0,3.0,0.0,0.0,12.75,3.0
363,ART0001497,Tornitura,A20,3.5,1.1666666666666667,70.0,3.0,1.669,0.5563333333333333,68.0,3.0
364,ART0001500,Controllo qualità,CQ,0.0,0.0,15.0,1.0,0.0,0.0,12.75,1.0
365,ART0001500,Tornitura,A20,0.75,0.75,60.0,1.0,0.75,0.75,68.0,1.0
366,ART0001514,Controllo qualità,CQ,0.0,0.0,15.0,8.0,0.0,0.0,12.75,6.0
367,ART0001514,Fresatura,A30,6.588,0.8235,50.0,8.0,4.75,0.7916666666666666,48.166666666666664,6.0
368,ART0001514,Tornitura,A20,11.25,1.40625,68.0,8.0,3.0,0.5,51.0,6.0
369,ART0001515,Controllo qualità,CQ,0.0,0.0,15.0,1.0,0.0,0.0,12.75,1.0
370,ART0001515,Fresatura,A30,1.0,1.0,50.0,1.0,,,,
371,ART0001520,Controllo qualità,CQ,0.0,0.0,15.0,15.0,0.0,0.0,12.75,1.0
372,ART0001520,Tornitura,A20,5.5,0.36666666666666664,60.0,15.0,0.5,0.5,68.0,1.0
373,ART0001534,Controllo qualità,CQ,0.0,0.0,15.0,2.0,0.0,0.0,12.75,2.0
374,ART0001534,Tornitura,A20,0.5,0.25,80.0,2.0,1.0,0.5,68.0,2.0
375,ART0001535,Controllo qualità,CQ,0.0,0.0,15.0,16.0,0.0,0.0,12.75,16.0
376,ART0001535,Tornitura,A20,2.0,0.125,60.0,16.0,2.0,0.125,68.0,16.0
377,ART0001566,Controllo qualità,CQ,0.0,0.0,15.0,15.0,,,,
378,ART0001566,Tornitura,A20,3.25,0.10833333333333334,80.0,30.0,2.25,0.125,68.0,18.0
379,ART0001575,Controllo qualità,CQ,0.0,0.0,15.0,60.0,0.0,0.0,12.75,20.0
380,ART0001575,Tornitura,A20,8.83,0.14716666666666667,72.0,60.0,1.58,0.079,68.0,20.0
381,ART0001587,Controllo qualità,CQ,0.0,0.0,15.0,6.0,0.0,0.0,12.75,6.0
382,ART0001587,Tornitura,A20,1.5,0.25,80.0,6.0,1.75,0.2916666666666667,68.0,6.0
383,ART0001588,Controllo qualità,CQ,0.0,0.0,15.0,6.0,,,,
384,ART0001588,Tornitura,A20,0.5,0.08333333333333333,80.0,6.0,0.5,0.08333333333333333,68.0,6.0
385,ART0001590,Controllo qualità,CQ,0.0,0.0,15.0,24.0,0.0,0.0,12.75,12.0
386,ART0001590,Tornitura,A20,5.5,0.22916666666666666,73.33333333333333,24.0,4.25,0.3541666666666667,63.75,12.0
387,ART0001593,Controllo qualità,CQ,0.0,0.0,15.0,4.0,0.0,0.0,12.75,4.0
388,ART0001593,Fresatura,A30,0.5,0.125,50.0,4.0,0.41900000000000004,0.10475000000000001,59.5,4.0
389,ART0001593,Tornitura,A20,0.5,0.125,60.0,4.0,1.25,0.3125,68.0,4.0
390,ART0001605,Controllo qualità,CQ,0.0,0.0,15.0,12.0,0.0,0.0,12.75,12.0
391,ART0001605,Tornitura,A20,4.75,0.3958333333333333,80.0,12.0,4.5,0.375,68.0,12.0
392,ART0001606,Controllo qualità,CQ,0.0,0.0,15.0,12.0,0.0,0.0,12.75,12.0
393,ART0001606,Tornitura,A20,1.0,0.08333333333333333,80.0,12.0,0.0,0.0,68.0,12.0
394,ART0001609,Tornitura,A20,2.5,0.15625,80.0,16.0,1.0,0.16666666666666666,68.0,6.0
395,ART0001610,Controllo qualità,CQ,0.0,0.0,15.0,12.0,0.0,0.0,12.75,4.0
396,ART0001610,Tornitura,A20,8.0,0.6666666666666666,80.0,12.0,1.75,0.4375,68.0,4.0
397,ART0001612,Controllo qualità,CQ,0.0,0.0,15.0,8.0,0.0,0.0,12.75,8.0
398,ART0001612,Tornitura,A20,0.75,0.09375,80.0,8.0,0.5,0.0625,68.0,8.0
399,ART0001615,Controllo qualità,CQ,0.0,0.0,15.0,24.0,0.0,0.0,12.75,28.0
400,ART0001615,Tornitura,A20,5.5,0.22916666666666666,80.0,24.0,,,,
401,ART0001628,Controllo qualità,CQ,0.0,0.0,15.0,6.0,0.0,0.0,12.75,30.0
402,ART0001628,Tornitura,A20,0.67,0.11166666666666668,80.0,6.0,4.0,0.13333333333333333,59.5,30.0
403,ART0001636,Controllo qualità,CQ,0.0,0.0,15.0,4.0,0.0,0.0,12.75,4.0
404,ART0001636,Tornitura,A20,0.66,0.165,80.0,4.0,0.33,0.0825,68.0,4.0
405,ART0001637,Controllo qualità,CQ,0.0,0.0,15.0,8.0,0.0,0.0,12.75,4.0
406,ART0001637,Fresatura,A30,1.5,0.1875,50.0,8.0,1.25,0.3125,46.75,4.0
407,ART0001637,Tornitura,A20,8.5,1.0625,80.0,8.0,9.25,2.3125,68.0,4.0
408,ART0001653,Controllo qualità,CQ,0.0,0.0,15.0,9.0,0.0,0.0,12.75,9.0
409,ART0001653,Tornitura,A20,5.75,0.6388888888888888,70.0,9.0,4.75,0.5277777777777778,62.333333333333336,9.0
410,ART0001659,Controllo qualità,CQ,0.0,0.0,15.0,8.0,0.0,0.0,12.75,24.0
411,ART0001659,Tornitura,A20,1.0,0.125,80.0,8.0,2.5,0.10416666666666667,68.0,24.0
412,ART0001669,Controllo qualità,CQ,0.0,0.0,15.0,4.0,0.0,0.0,12.75,4.0
413,ART0001669,Tornitura,A20,0.67,0.1675,80.0,4.0,1.0,0.25,68.0,4.0
414,ART0001670,Controllo qualità,CQ,0.0,0.0,15.0,4.0,0.0,0.0,12.75,4.0
415,ART0001670,Tornitura,A20,0.5,0.125,80.0,4.0,1.0,0.25,51.0,4.0
416,ART0001731,Controllo qualità,CQ,0.0,0.0,15.0,8.0,0.0,0.0,12.75,10.0
417,ART0001731,Fresatura,A30,6.4190000000000005,0.8023750000000001,55.0,8.0,7.0,0.7,42.5,10.0
418,ART0001731,Saldatura,A11,3.0,0.375,50.0,8.0,1.5,0.15,42.5,10.0
419,ART0001731,Tornitura,A20,8.25,1.03125,70.0,8.0,3.75,0.375,68.0,10.0
420,ART0001733,Controllo qualità,CQ,0.0,0.0,15.0,15.0,0.0,0.0,12.75,16.0
421,ART0001733,Fresatura,A30,6.91,0.46066666666666667,60.0,15.0,1.0,0.0625,42.5,16.0
422,ART0001733,Saldatura,A11,3.0,0.2,50.0,15.0,2.0,0.125,46.75,16.0
423,ART0001733,Tornitura,A20,5.75,0.38333333333333336,70.0,15.0,7.75,0.484375,62.333333333333336,16.0
424,ART0001739,Controllo qualità,CQ,0.0,0.0,15.0,4.0,0.0,0.0,12.75,3.0
425,ART0001739,Fresatura,A30,5.0,1.25,50.0,4.0,2.0,0.6666666666666666,46.75,3.0
426,ART0001739,Tornitura,A20,7.75,1.9375,66.66666666666667,4.0,6.5,2.1666666666666665,59.5,3.0
427,ART0001740,Controllo qualità,CQ,0.0,0.0,15.0,1.0,0.0,0.0,12.75,1.0
428,ART0001740,Fresatura,A30,1.0,1.0,50.0,1.0,1.75,1.75,51.0,1.0
429,ART0001740,Tornitura,A20,1.0,1.0,60.0,1.0,1.25,1.25,51.0,1.0
430,ART0001741,Controllo qualità,CQ,0.0,0.0,15.0,3.0,0.0,0.0,12.75,2.0
431,ART0001741,Fresatura,A30,3.83,1.2766666666666666,50.0,3.0,3.0,1.5,51.0,2.0
432,ART0001741,Tornitura,A20,3.0,1.0,80.0,3.0,4.0,2.0,51.0,2.0
433,ART0001743,Controllo qualità,CQ,0.0,0.0,15.0,3.0,0.0,0.0,12.75,3.0
434,ART0001743,Fresatura,A30,14.669,4.889666666666667,50.0,3.0,18.5,6.166666666666667,46.75,3.0
435,ART0001743,Tornitura,A20,14.5,4.833333333333333,60.0,3.0,4.0,1.3333333333333333,51.0,3.0
436,ART0001745,Controllo qualità,CQ,0.0,0.0,15.0,2.0,0.0,0.0,12.75,1.0
437,ART0001745,Fresatura,A30,3.0,1.5,50.0,2.0,2.5,2.5,51.0,1.0
438,ART0001759,Controllo qualità,CQ,0.0,0.0,15.0,30.0,0.0,0.0,12.75,40.0
439,ART0001759,Fresatura,A30,29.75,0.9916666666666667,53.333333333333336,30.0,25.25,0.63125,51.0,40.0
440,ART0001759,Tornitura,A20,45.0,1.5,62.22222222222222,30.0,15.5,0.3875,51.0,40.0
441,ART0001761,Controllo qualità,CQ,0.0,0.0,15.0,1.0,,,,
442,ART0001761,Fresatura,A30,0.0001,0.0001,80.0,1.0,0.75,0.375,51.0,2.0
443,ART0001761,Tornitura,A20,1.5,1.5,80.0,1.0,,,,
444,ART0001762,Controllo qualità,CQ,0.0,0.0,15.0,2.0,0.0,0.0,12.75,1.0
445,ART0001762,Fresatura,A30,2.25,1.125,50.0,2.0,1.25,1.25,51.0,1.0
446,ART0001762,Tornitura,A20,2.0,1.0,60.0,2.0,2.5,2.5,51.0,1.0
447,ART0001765,Controllo qualità,CQ,0.0,0.0,15.0,12.0,0.0,0.0,12.75,15.0
448,ART0001765,Fresatura,A30,6.5,0.5416666666666666,50.0,12.0,6.25,0.4166666666666667,51.0,15.0
449,ART0001765,Tornitura,A20,10.0,0.8333333333333334,60.0,12.0,8.0,0.5333333333333333,51.0,15.0
450,ART0001766,Controllo qualità,CQ,0.0,0.0,15.0,6.0,0.0,0.0,12.75,4.0
451,ART0001766,Fresatura,A30,4.5,0.75,50.0,6.0,5.5,1.375,51.0,4.0
452,ART0001766,Tornitura,A20,6.5,1.625,60.0,4.0,4.5,1.125,51.0,4.0
453,ART0001767,Controllo qualità,CQ,0.0,0.0,15.0,3.0,0.0,0.0,12.75,3.0
454,ART0001767,Fresatura,A30,2.25,0.75,50.0,3.0,1.75,0.5833333333333334,51.0,3.0
455,ART0001767,Tornitura,A20,1.5,0.5,60.0,3.0,1.5,0.5,51.0,3.0
456,ART0001768,Controllo qualità,CQ,0.0,0.0,15.0,3.0,0.0,0.0,12.75,3.0
457,ART0001768,Fresatura,A30,0.0001,3.3333333333333335e-05,80.0,3.0,1.75,0.5833333333333334,51.0,3.0
458,ART0001768,Tornitura,A20,4.0,1.3333333333333333,80.0,3.0,1.5,0.75,51.0,2.0
459,ART0001770,Controllo qualità,CQ,0.0,0.0,15.0,40.0,0.0,0.0,12.75,21.0
460,ART0001770,Fresatura,A30,47.5,1.1875,52.5,40.0,6.75,0.32142857142857145,42.5,21.0
461,ART0001770,Tornitura,A20,57.25,1.43125,60.0,40.0,8.0,0.38095238095238093,51.0,21.0
462,ART0001772,Controllo qualità,CQ,0.0,0.0,15.0,8.0,0.0,0.0,12.75,10.0
463,ART0001772,Fresatura,A30,7.0,0.875,50.0,8.0,2.75,0.275,51.0,10.0
464,ART0001772,Tornitura,A20,5.5,0.6875,60.0,8.0,4.0,0.4,51.0,10.0
465,ART0001773,Controllo qualità,CQ,0.0,0.0,15.0,2.0,0.0,0.0,12.75,5.0
466,ART0001773,Fresatura,A30,4.25,0.6071428571428571,50.0,7.0,3.5,0.7,42.5,5.0
467,ART0001773,Tornitura,A20,7.5,1.0714285714285714,60.0,7.0,4.75,0.95,59.5,5.0
468,ART0001775,Controllo qualità,CQ,0.0,0.0,15.0,30.0,0.0,0.0,12.75,35.0
469,ART0001775,Fresatura,A30,27.75,0.8951612903225806,53.333333333333336,31.0,26.25,0.875,48.166666666666664,30.0
470,ART0001775,Tornitura,A20,67.0,2.161290322580645,60.0,31.0,42.0,1.2,51.0,35.0
471,ART0001776,Controllo qualità,CQ,0.0,0.0,15.0,4.0,0.0,0.0,12.75,4.0
472,ART0001776,Fresatura,A30,3.5,0.875,50.0,4.0,2.5,0.625,46.75,4.0
473,ART0001776,Tornitura,A20,3.5,0.875,60.0,4.0,4.5,1.125,51.0,4.0
474,ART0001777,Controllo qualità,CQ,0.0,0.0,15.0,12.0,0.0,0.0,12.75,2.0
475,ART0001777,Fresatura,A30,2.8302000000000005,0.23585000000000003,70.0,12.0,1.25,0.625,51.0,2.0
476,ART0001777,Tornitura,A20,15.5,1.2916666666666667,73.33333333333333,12.0,1.5,0.75,51.0,2.0
477,ART0001778,Controllo qualità,CQ,0.0,0.0,15.0,2.0,0.0,0.0,12.75,2.0
478,ART0001778,Fresatura,A30,0.75,0.375,50.0,2.0,0.75,0.375,51.0,2.0
479,ART0001779,Controllo qualità,CQ,0.0,0.0,15.0,11.0,0.0,0.0,12.75,8.0
480,ART0001779,Fresatura,A30,5.0001,0.45455454545454543,60.0,11.0,2.25,0.28125,51.0,8.0
481,ART0001779,Tornitura,A20,6.0,0.5454545454545454,70.0,11.0,2.5,0.3125,51.0,8.0
482,ART0001783,Controllo qualità,CQ,0.0,0.0,15.0,10.0,0.0,0.0,12.75,9.0
483,ART0001783,Fresatura,A30,17.42,1.7420000000000002,50.0,10.0,6.25,0.6944444444444444,51.0,9.0
484,ART0001783,Tornitura,A20,14.25,1.425,64.0,10.0,9.0,1.0,51.0,9.0
485,ART0001785,Controllo qualità,CQ,0.0,0.0,15.0,20.0,0.0,0.0,12.75,20.0
486,ART0001785,Fresatura,A30,12.75,0.6375,53.333333333333336,20.0,34.75,1.7375,49.3,20.0
487,ART0001785,Tornitura,A20,4.0,0.2,60.0,20.0,15.5,0.775,51.0,20.0
488,ART0001786,Controllo qualità,CQ,0.0,0.0,15.0,10.0,0.0,0.0,12.75,10.0
489,ART0001786,Fresatura,A30,9.50021,0.9500209999999999,66.66666666666667,10.0,6.75,0.675,51.0,10.0
490,ART0001786,Tornitura,A20,25.5,2.55,73.33333333333333,10.0,8.25,0.825,51.0,10.0
491,ART0001788,Controllo qualità,CQ,0.0,0.0,15.0,10.0,0.0,0.0,12.75,5.0
492,ART0001788,Fresatura,A30,9.7501,1.9500199999999999,65.0,5.0,10.5,2.1,51.0,5.0
493,ART0001788,Tornitura,A20,5.0,1.0,80.0,5.0,12.0,2.4,51.0,5.0
494,ART0001789,Fresatura,A30,4.4990000000000006,,50.0,0.0,4.0,2.0,42.5,2.0
495,ART0001789,Tornitura,A20,3.5,1.75,60.0,2.0,4.0,2.0,51.0,2.0
496,ART0001794,Controllo qualità,CQ,0.0,0.0,15.0,8.0,0.0,0.0,12.75,11.0
497,ART0001794,Fresatura,A30,25.169,2.288090909090909,50.0,11.0,7.0,0.6363636363636364,51.0,11.0
498,ART0001794,Tornitura,A20,28.5,2.590909090909091,60.0,11.0,7.75,0.7045454545454546,51.0,11.0
499,ART0001799,Controllo qualità,CQ,0.0,0.0,15.0,30.0,,,,
500,ART0001799,Fresatura,A30,69.7,2.1121212121212123,56.666666666666664,33.0,13.75,0.4583333333333333,46.75,30.0
501,ART0001799,Tornitura,A20,56.42,1.7096969696969697,60.0,33.0,9.0,0.3,51.0,30.0
502,ART0001804,Controllo qualità,CQ,0.0,0.0,15.0,3.0,0.0,0.0,12.75,3.0
503,ART0001804,Fresatura,A30,2.169,0.723,50.0,3.0,1.5,0.5,51.0,3.0
504,ART0001807,Controllo qualità,CQ,0.0,0.0,15.0,40.0,0.0,0.0,12.75,60.0
505,ART0001807,Fresatura,A30,32.67,0.5355737704918033,52.5,61.0,17.5,0.2916666666666667,51.0,60.0
506,ART0001807,Tornitura,A20,47.5,0.7307692307692307,72.0,65.0,22.5,0.375,56.666666666666664,60.0
507,ART0001811,Controllo qualità,CQ,0.0,0.0,15.0,14.0,0.0,0.0,12.75,12.0
508,ART0001811,Fresatura,A30,48.2501,3.2166733333333335,61.666666666666664,15.0,26.0,2.1666666666666665,51.0,12.0
509,ART0001811,Tornitura,A20,55.75,3.484375,70.0,16.0,24.5,2.0416666666666665,51.0,12.0
510,ART0001813,Controllo qualità,CQ,0.0,0.0,15.0,5.0,0.0,0.0,12.75,5.0
511,ART0001813,Fresatura,A30,2.3301000000000003,0.46602000000000005,65.0,5.0,3.25,0.65,51.0,5.0
512,ART0001813,Tornitura,A20,7.5,1.5,70.0,5.0,4.5,0.9,51.0,5.0
513,ART0001817,Controllo qualità,CQ,0.0,0.0,15.0,4.0,,,,
514,ART0001817,Fresatura,A30,3.75,0.9375,50.0,4.0,3.75,1.25,51.0,3.0
515,ART0001821,Controllo qualità,CQ,0.0,0.0,15.0,1.0,0.0,0.0,12.75,3.0
516,ART0001821,Fresatura,A30,1.5,0.75,50.0,2.0,4.0,1.3333333333333333,51.0,3.0
517,ART0001821,Tornitura,A20,4.5,2.25,60.0,2.0,6.0,2.0,51.0,3.0
518,ART0001825,Controllo qualità,CQ,0.0,0.0,15.0,2.0,0.0,0.0,12.75,1.0
519,ART0001825,Fresatura,A30,2.25,1.125,50.0,2.0,1.5,1.5,51.0,1.0
520,ART0001825,Tornitura,A20,3.5,1.75,60.0,2.0,1.0,1.0,51.0,1.0
521,ART0001829,Controllo qualità,CQ,0.0,0.0,15.0,2.0,0.0,0.0,12.75,1.0
522,ART0001829,Fresatura,A30,3.17,1.585,50.0,2.0,1.0,1.0,42.5,1.0
523,ART0001829,Tornitura,A20,2.5,1.25,60.0,2.0,2.0,2.0,51.0,1.0
524,ART0001830,Controllo qualità,CQ,0.0,0.0,15.0,8.0,0.0,0.0,12.75,6.0
525,ART0001830,Fresatura,A30,5.8302,0.728775,62.0,8.0,5.5,0.9166666666666666,51.0,6.0
526,ART0001830,Tornitura,A20,22.0,2.75,72.0,8.0,5.5,0.9166666666666666,51.0,6.0
527,ART0001832,Controllo qualità,CQ,0.0,0.0,15.0,3.0,0.0,0.0,12.75,6.0
528,ART0001832,Fresatura,A30,4.0,1.3333333333333333,55.0,3.0,6.25,3.125,51.0,2.0
529,ART0001832,Tornitura,A20,3.5,1.1666666666666667,60.0,3.0,,,,
530,ART0001837,Controllo qualità,CQ,0.0,0.0,15.0,1.0,0.0,0.0,12.75,1.0
531,ART0001837,Fresatura,A30,6.25,6.25,50.0,1.0,6.5,6.5,51.0,1.0
532,ART0001840,Controllo qualità,CQ,0.0,0.0,15.0,1.0,0.0,0.0,12.75,1.0
533,ART0001840,Fresatura,A30,6.5001,6.5001,57.5,1.0,2.5,2.5,51.0,1.0
534,ART0001840,Tornitura,A20,14.5,14.5,65.0,1.0,3.0,3.0,51.0,1.0
535,ART0001841,Controllo qualità,CQ,0.0,0.0,15.0,2.0,0.0,0.0,12.75,1.0
536,ART0001841,Fresatura,A30,2.0,1.0,50.0,2.0,2.25,2.25,51.0,1.0
537,ART0001841,Tornitura,A20,4.5,2.25,60.0,2.0,4.0,4.0,51.0,1.0
538,ART0001866,Controllo qualità,CQ,0.0,0.0,15.0,19.0,0.0,0.0,12.75,40.0
539,ART0001866,Fresatura,A30,38.500299999999996,2.138905555555555,77.5,18.0,15.00021,0.37500524999999996,63.75,40.0
540,ART0001866,Saldatura,A11,8.0,0.5,50.0,16.0,,,,
541,ART0001866,Tornitura,A20,72.25,1.680232558139535,72.5,43.0,83.5,2.0875,63.75,40.0
542,ART0001868,Controllo qualità,CQ,0.0,0.0,15.0,115.0,0.0,0.0,12.75,53.0
543,ART0001868,Tornitura,A20,151.75,1.3195652173913044,78.18181818181819,115.0,55.5,1.0471698113207548,63.75,53.0
544,ART0001869,Fresatura,A30,0.0001,0.0001,80.0,1.0,2.25,1.125,51.0,2.0
545,ART0001869,Tornitura,A20,4.0,4.0,80.0,1.0,3.0,1.5,51.0,2.0
546,ART0001872,Controllo qualità,CQ,0.0,0.0,15.0,10.0,,,,
547,ART0001872,Fresatura,A30,0.0001,,80.0,0.0,7.251,0.6042500000000001,59.5,12.0
548,ART0001872,Tornitura,A20,4.0,0.4,80.0,10.0,12.5,1.0416666666666667,59.5,12.0
549,ART0001873,Controllo qualità,CQ,0.0,0.0,15.0,10.0,0.0,0.0,12.75,5.0
550,ART0001873,Fresatura,A30,0.0001,,80.0,0.0,8.5,1.7,51.0,5.0
551,ART0001873,Tornitura,A20,15.0,1.5,80.0,10.0,7.0,1.4,51.0,5.0
552,ART0001874,Controllo qualità,CQ,0.0,0.0,15.0,2.0,0.0,0.0,12.75,1.0
553,ART0001874,Fresatura,A30,0.0001,0.0001,80.0,1.0,2.0,2.0,51.0,1.0
554,ART0001874,Tornitura,A20,5.0,2.5,80.0,2.0,2.0,2.0,68.0,1.0
555,ART0001877,Controllo qualità,CQ,0.0,0.0,15.0,10.0,0.0,0.0,12.75,18.0
556,ART0001877,Fresatura,A30,0.0002,2e-05,80.0,10.0,0.0001,,68.0,0.0
557,ART0001877,Tornitura,A20,19.0,1.9,80.0,10.0,16.0,0.8888888888888888,68.0,18.0
558,ART0001880,Controllo qualità,CQ,0.0,0.0,15.0,3.0,0.0,0.0,12.75,2.0
559,ART0001880,Fresatura,A30,0.0001,3.3333333333333335e-05,80.0,3.0,3.5,1.1666666666666667,51.0,3.0
560,ART0001880,Saldatura,A11,0.33,0.11,50.0,3.0,,,,
561,ART0001880,Tornitura,A20,6.5,2.1666666666666665,80.0,3.0,5.0,1.6666666666666667,51.0,3.0
562,ART0001882,Controllo qualità,CQ,0.0,0.0,15.0,12.0,0.0,0.0,12.75,2.0
563,ART0001882,Fresatura,A30,0.0001,2.5e-05,80.0,4.0,3.25,1.625,59.5,2.0
564,ART0001882,Tornitura,A20,14.0,1.1666666666666667,80.0,12.0,2.0,1.0,51.0,2.0
565,ART0001884,Controllo qualità,CQ,0.0,0.0,15.0,6.0,0.0,0.0,12.75,10.0
566,ART0001884,Fresatura,A30,0.0001,1.6666666666666667e-05,80.0,6.0,5.25,0.525,51.0,10.0
567,ART0001884,Tornitura,A20,10.5,1.75,80.0,6.0,4.5,0.45,51.0,10.0
568,ART0001885,Controllo qualità,CQ,0.0,0.0,15.0,7.0,0.0,0.0,12.75,5.0
569,ART0001885,Fresatura,A30,0.0002,0.0001,80.0,2.0,0.0001,,68.0,0.0
570,ART0001885,Tornitura,A20,9.0,4.5,80.0,2.0,7.0,1.4,68.0,5.0
571,ART0001886,Controllo qualità,CQ,0.0,0.0,15.0,31.0,0.0,0.0,12.75,16.0
572,ART0001886,Fresatura,A30,10.001199999999999,0.3333733333333333,75.0,30.0,20.9011,1.30631875,55.25,16.0
573,ART0001886,Tornitura,A20,31.5,1.0161290322580645,80.0,31.0,35.5,2.21875,57.8,16.0
574,ART0001889,Controllo qualità,CQ,0.0,0.0,15.0,4.0,0.0,0.0,12.75,4.0
575,ART0001889,Fresatura,A30,0.0002,5e-05,80.0,4.0,3.0,0.75,46.75,4.0
576,ART0001889,Tornitura,A20,9.0,2.25,80.0,4.0,5.0,1.25,51.0,4.0
577,ART0001890,Controllo qualità,CQ,0.0,0.0,15.0,2.0,0.0,0.0,12.75,2.0
578,ART0001890,Fresatura,A30,1e-05,5e-06,80.0,2.0,1.5,0.75,51.0,2.0
579,ART0001890,Tornitura,A20,3.5,1.75,80.0,2.0,2.75,1.375,59.5,2.0
580,ART0001891,Controllo qualità,CQ,0.0,0.0,15.0,10.0,0.0,0.0,12.75,8.0
581,ART0001891,Fresatura,A30,0.0001,9.090909090909091e-06,80.0,11.0,,,,
582,ART0001891,Tornitura,A20,23.0,2.090909090909091,80.0,11.0,,,,
583,ART0001895,Controllo qualità,CQ,0.0,0.0,15.0,10.0,0.0,0.0,12.75,8.0
584,ART0001895,Fresatura,A30,0.0014000000000000002,0.00014000000000000001,80.0,10.0,6.75,0.84375,51.0,8.0
585,ART0001895,Tornitura,A20,27.0,2.7,80.0,10.0,6.5,0.8125,51.0,8.0
586,ART0001897,Controllo qualità,CQ,0.0,0.0,15.0,20.0,0.0,0.0,12.75,20.0
587,ART0001897,Fresatura,A30,0.0001,5e-06,80.0,20.0,16.75011,0.8375055,59.5,20.0
588,ART0001897,Tornitura,A20,17.0,0.85,80.0,20.0,58.0,2.761904761904762,61.2,21.0
589,ART0001898,Brocciatura / stozzatrice,A33,1e-05,1.6666666666666669e-06,60.0,6.0,2.0,0.2,42.5,10.0
590,ART0001898,Controllo qualità,CQ,0.0,0.0,15.0,10.0,0.0,0.0,12.75,10.0
591,ART0001898,Fresatura,A30,0.0002,2e-05,80.0,10.0,18.0,1.8,51.0,10.0
592,ART0001898,Tornitura,A20,42.0,4.2,80.0,10.0,18.0,1.8,51.0,10.0
593,ART0001900,Controllo qualità,CQ,0.0,0.0,15.0,4.0,0.0,0.0,12.75,2.0
594,ART0001900,Fresatura,A30,0.0001,2.5e-05,80.0,4.0,1.75,0.875,51.0,2.0
595,ART0001900,Tornitura,A20,4.0,1.0,80.0,4.0,2.5,1.25,51.0,2.0
596,ART0001908,Controllo qualità,CQ,0.0,0.0,15.0,35.0,0.0,0.0,12.75,30.0
597,ART0001908,Fresatura,A30,0.0004,1.3333333333333333e-05,80.0,30.0,14.25,0.475,51.0,30.0
598,ART0001908,Tornitura,A20,38.0,1.0857142857142856,80.0,35.0,9.0,0.3,51.0,30.0
599,ART0001913,Brocciatura / stozzatrice,A33,0.25,0.05,60.0,5.0,,,,
600,ART0001913,Controllo qualità,CQ,0.0,0.0,15.0,5.0,0.0,0.0,12.75,2.0
601,ART0001913,Fresatura,A30,0.7511,0.37555,70.0,2.0,4.5,1.5,42.5,3.0
602,ART0001913,Tornitura,A20,7.0,1.4,80.0,5.0,,,,
603,ART0001917,Controllo qualità,CQ,0.0,0.0,15.0,65.0,,,,
604,ART0001917,Fresatura,A30,0.0002,6.666666666666667e-06,80.0,30.0,0.009,,68.0,0.0
605,ART0001917,Tornitura,A20,60.33,0.9281538461538461,75.0,65.0,27.0,0.4576271186440678,68.0,59.0
606,ART0001920,Brocciatura / stozzatrice,A33,1.0001,0.33336666666666664,55.0,3.0,,,,
607,ART0001920,Controllo qualità,CQ,0.0,0.0,15.0,3.0,0.0,0.0,12.75,3.0
608,ART0001920,Fresatura,A30,8.0001,2.6667,65.0,3.0,3.5,1.1666666666666667,51.0,3.0
609,ART0001920,Tornitura,A20,14.0,4.666666666666667,70.0,3.0,3.0,1.0,51.0,3.0
610,ART0001921,Controllo qualità,CQ,0.0,0.0,15.0,15.0,0.0,0.0,12.75,11.0
611,ART0001921,Fresatura,A30,0.0004,4.4444444444444447e-05,80.0,9.0,18.25,1.5208333333333333,51.0,12.0
612,ART0001921,Tornitura,A20,54.0,3.375,80.0,16.0,16.5,1.375,51.0,12.0
613,ART0001923,Controllo qualità,CQ,0.0,0.0,15.0,5.0,,,,
614,ART0001923,Fresatura,A30,13.33,2.666,53.333333333333336,5.0,8.75,1.75,51.0,5.0
615,ART0001923,Saldatura,A11,0.75,0.1875,50.0,4.0,,,,
616,ART0001923,Tornitura,A20,14.0,2.8,80.0,5.0,15.25,3.05,63.75,5.0
617,ART0001926,Controllo qualità,CQ,0.0,0.0,15.0,3.0,0.0,0.0,12.75,3.0
618,ART0001926,Fresatura,A30,11.0,3.6666666666666665,80.0,3.0,1.0,0.3333333333333333,51.0,3.0
619,ART0001926,Saldatura,A11,1.0,0.3333333333333333,50.0,3.0,1.0,0.08333333333333333,51.0,12.0
620,ART0001926,Tornitura,A20,6.5,2.1666666666666665,80.0,3.0,,,,
621,ART0001931,Controllo qualità,CQ,0.0,0.0,15.0,2.0,0.0,0.0,12.75,3.0
622,ART0001931,Fresatura,A30,2.25,1.125,50.0,2.0,9.75,3.25,51.0,3.0
623,ART0001931,Tornitura,A20,5.0,2.5,80.0,2.0,21.5,7.166666666666667,59.5,3.0
624,ART0001935,Controllo qualità,CQ,0.0,0.0,15.0,2.0,0.0,0.0,12.75,1.0
625,ART0001935,Tornitura,A20,5.0,2.5,80.0,2.0,2.25,2.25,51.0,1.0
626,ART0001939,Controllo qualità,CQ,0.0,0.0,15.0,2.0,,,,
627,ART0001939,Fresatura,A30,0.0001,,80.0,0.0,2.25,2.25,51.0,1.0
628,ART0001939,Tornitura,A20,5.5,2.75,80.0,2.0,1.5,1.5,51.0,1.0
629,ART0001940,Controllo qualità,CQ,0.0,0.0,15.0,8.0,0.0,0.0,12.75,4.0
630,ART0001940,Fresatura,A30,18.5001,2.3125125,74.0,8.0,7.7501,1.937525,55.25,4.0
631,ART0001940,Saldatura,A11,2.33,0.38833333333333336,50.0,6.0,,,,
632,ART0001940,Tornitura,A20,34.92,4.365,75.0,8.0,36.2501,9.062525,61.625,4.0
633,ART0001942,Controllo qualità,CQ,0.0,0.0,15.0,3.0,0.0,0.0,12.75,2.0
634,ART0001942,Fresatura,A30,0.0001,,80.0,0.0,7.0001,3.50005,56.666666666666664,2.0
635,ART0001942,Tornitura,A20,5.0,1.6666666666666667,80.0,3.0,23.25,3.875,56.666666666666664,6.0
636,ART0001945,Controllo qualità,CQ,0.0,0.0,15.0,2.0,0.0,0.0,12.75,1.0
637,ART0001945,Fresatura,A30,0.0001,,80.0,0.0,2.5,2.5,51.0,1.0
638,ART0001945,Tornitura,A20,6.0,3.0,80.0,2.0,3.5,3.5,51.0,1.0
639,ART0001946,Controllo qualità,CQ,-1.5,-1.5,15.0,1.0,,,,
640,ART0001946,Fresatura,A30,18.0,18.0,80.0,1.0,18.0,18.0,55.25,1.0
641,ART0001946,Saldatura,A11,4.75,4.75,50.0,1.0,,,,
642,ART0001946,Tornitura,A20,12.5,12.5,80.0,1.0,6.75,6.75,68.0,1.0
643,ART0001947,Controllo qualità,CQ,0.0,0.0,15.0,3.0,,,,
644,ART0001947,Fresatura,A30,0.0001,3.3333333333333335e-05,80.0,3.0,4.75,1.5833333333333333,51.0,3.0
645,ART0001947,Tornitura,A20,6.0,2.0,80.0,3.0,3.0,1.0,51.0,3.0
646,ART0001950,Controllo qualità,CQ,0.0,0.0,15.0,1.0,0.0,0.0,12.75,1.0
647,ART0001950,Fresatura,A30,16.25,16.25,57.5,1.0,4.25,4.25,51.0,1.0
648,ART0001950,Saldatura,A11,0.5900000000000001,0.5900000000000001,50.0,1.0,,,,
649,ART0001950,Tornitura,A20,17.5,17.5,80.0,1.0,5.25,5.25,68.0,1.0
650,ART0001951,Controllo qualità,CQ,0.0,0.0,15.0,2.0,0.0,0.0,12.75,1.0
651,ART0001951,Fresatura,A30,6.5,3.25,80.0,2.0,7.25,7.25,59.5,1.0
652,ART0001951,Saldatura,A11,0.5,0.25,50.0,2.0,,,,
653,ART0001951,Tornitura,A20,7.25,3.625,80.0,2.0,5.25,5.25,68.0,1.0
654,ART0001981,Controllo qualità,CQ,0.0,0.0,15.0,10.0,,,,
655,ART0001981,Tornitura,A20,2.0,0.2,60.0,10.0,1.75,0.5833333333333334,68.0,3.0
656,ART0001989,Controllo qualità,CQ,0.0,0.0,15.0,6.0,0.0,0.0,12.75,12.0
657,ART0001989,Tornitura,A20,4.5,0.75,80.0,6.0,1.0,0.08333333333333333,51.0,12.0
658,ART0001993,Controllo qualità,CQ,0.0,0.0,15.0,2.0,0.0,0.0,12.75,1.0
659,ART0001993,Fresatura,A30,0.8300000000000001,0.41500000000000004,50.0,2.0,0.75,0.75,51.0,1.0
660,ART0001993,Tornitura,A20,4.0,2.0,80.0,2.0,3.5,3.5,68.0,1.0
661,ART0001994,Controllo qualità,CQ,0.0,0.0,15.0,10.0,0.0,0.0,12.75,11.0
662,ART0001994,Fresatura,A30,0.5,0.0625,50.0,8.0,1.58,0.14363636363636365,51.0,11.0
663,ART0002010,Controllo qualità,CQ,0.0,0.0,15.0,3.0,0.0,0.0,12.75,3.0
664,ART0002010,Fresatura,A30,1.25,0.4166666666666667,50.0,3.0,0.75,0.25,51.0,3.0
665,ART0002010,Tornitura,A20,3.05,1.0166666666666666,80.0,3.0,1.0,0.3333333333333333,68.0,3.0
666,ART0002012,Controllo qualità,CQ,0.0,0.0,15.0,3.0,0.0,0.0,12.75,2.0
667,ART0002012,Fresatura,A30,1.25,0.4166666666666667,50.0,3.0,1.25,0.625,46.75,2.0
668,ART0002012,Tornitura,A20,3.0,1.0,60.0,3.0,5.0,2.5,68.0,2.0
669,ART0002015,Controllo qualità,CQ,0.0,0.0,15.0,2.0,0.0,0.0,12.75,1.0
670,ART0002015,Fresatura,A30,2.5,1.25,60.0,2.0,0.75,0.75,51.0,1.0
671,ART0002015,Tornitura,A20,1.25,0.625,80.0,2.0,2.0,2.0,68.0,1.0
672,ART0002017,Controllo qualità,CQ,0.0,0.0,15.0,1.0,0.0,0.0,12.75,1.0
673,ART0002017,Fresatura,A30,0.82,0.82,50.0,1.0,,,,
674,ART0002018,Controllo qualità,CQ,0.0,0.0,15.0,1.0,0.0,0.0,12.75,1.0
675,ART0002018,Fresatura,A30,0.83,0.83,50.0,1.0,0.75,0.75,51.0,1.0
676,ART0002019,Controllo qualità,CQ,0.0,0.0,15.0,1.0,0.0,0.0,12.75,1.0
677,ART0002019,Fresatura,A30,0.75,0.75,50.0,1.0,0.5,0.5,51.0,1.0
678,ART0002026,Controllo qualità,CQ,0.0,0.0,15.0,2.0,0.0,0.0,12.75,4.0
679,ART0002026,Fresatura,A30,0.25,0.125,50.0,2.0,0.5,0.125,51.0,4.0
680,ART0002026,Tornitura,A20,1.5,0.75,80.0,2.0,1.5,0.375,68.0,4.0
681,ART0002027,Controllo qualità,CQ,0.0,0.0,15.0,4.0,0.0,0.0,12.75,4.0
682,ART0002027,Fresatura,A30,1.0,0.25,50.0,4.0,1.5,0.375,51.0,4.0
683,ART0002027,Tornitura,A20,1.0,0.25,80.0,4.0,3.5,0.875,68.0,4.0
684,ART0002028,Controllo qualità,CQ,0.0,0.0,15.0,4.0,0.0,0.0,12.75,2.0
685,ART0002028,Fresatura,A30,0.5,0.125,50.0,4.0,1.5,0.75,51.0,2.0
686,ART0002028,Tornitura,A20,0.01,0.0025,60.0,4.0,,,,
687,ART0002029,Controllo qualità,CQ,0.0,0.0,15.0,2.0,0.0,0.0,12.75,2.0
688,ART0002029,Fresatura,A30,1e-05,5e-06,80.0,2.0,,,,
689,ART0002041,Controllo qualità,CQ,0.0,0.0,15.0,6.0,0.0,0.0,12.75,7.0
690,ART0002041,Fresatura,A30,2.75,0.4583333333333333,50.0,6.0,1.0,0.14285714285714285,51.0,7.0
691,ART0002041,Tornitura,A20,6.75,1.125,73.33333333333333,6.0,4.0,0.5714285714285714,51.0,7.0
692,ART0002042,Controllo qualità,CQ,0.0,0.0,15.0,6.0,0.0,0.0,12.75,7.0
693,ART0002042,Fresatura,A30,7.5,1.25,50.0,6.0,2.5,0.35714285714285715,51.0,7.0
694,ART0002042,Tornitura,A20,8.0,1.3333333333333333,73.33333333333333,6.0,4.0,0.5714285714285714,51.0,7.0
695,ART0002048,Controllo qualità,CQ,0.0,0.0,15.0,16.0,0.0,0.0,12.75,10.0
696,ART0002048,Fresatura,A30,1.75,0.109375,65.0,16.0,0.75,0.075,51.0,10.0
697,ART0002048,Tornitura,A20,4.0,0.25,60.0,16.0,2.0,0.2,51.0,10.0
698,ART0002070,Controllo qualità,CQ,0.0,0.0,15.0,2.0,0.0,0.0,12.75,1.0
699,ART0002070,Fresatura,A30,5.5,2.75,50.0,2.0,2.75,2.75,51.0,1.0
700,ART0002070,Tornitura,A20,1.5,0.75,60.0,2.0,2.5,2.5,68.0,1.0
701,ART0002079,Controllo qualità,CQ,0.0,0.0,15.0,24.0,0.0,0.0,12.75,12.0
702,ART0002079,Tornitura,A20,2.25,0.1875,80.0,12.0,3.0,0.25,68.0,12.0
703,ART0002102,Controllo qualità,CQ,0.0,0.0,15.0,12.0,0.0,0.0,12.75,26.0
704,ART0002102,Fresatura,A30,3.5,0.2916666666666667,50.0,12.0,10.0,0.38461538461538464,46.75,26.0
705,ART0002102,Tornitura,A20,3.25,0.25,80.0,13.0,4.0,0.15384615384615385,51.0,26.0
706,ART0002107,Controllo qualità,CQ,0.0,0.0,15.0,12.0,0.0,0.0,12.75,12.0
707,ART0002107,Fresatura,A30,1.5,0.125,60.0,12.0,1.75,0.14583333333333334,51.0,12.0
708,ART0002107,Tornitura,A20,1.25,0.10416666666666667,80.0,12.0,2.5,0.20833333333333334,51.0,12.0
709,ART0002109,Controllo qualità,CQ,0.0,0.0,15.0,17.0,0.0,0.0,12.75,4.0
710,ART0002109,Fresatura,A30,0.5,0.029411764705882353,80.0,17.0,0.5,0.125,42.5,4.0
711,ART0002109,Tornitura,A20,2.67,0.15705882352941175,80.0,17.0,0.5,0.125,68.0,4.0
712,ART0002112,Controllo qualità,CQ,0.0,0.0,15.0,7.0,0.0,0.0,12.75,6.0
713,ART0002112,Tornitura,A20,1.5,0.21428571428571427,80.0,7.0,0.33,0.055,68.0,6.0
714,ART0002123,Controllo qualità,CQ,0.0,0.0,15.0,4.0,0.0,0.0,12.75,3.0
715,ART0002123,Tornitura,A20,0.25,0.0625,80.0,4.0,0.5,0.16666666666666666,68.0,3.0
716,ART0002132,Controllo qualità,CQ,0.0,0.0,15.0,3.0,0.0,0.0,12.75,1.0
717,ART0002132,Fresatura,A30,1.5,0.5,50.0,3.0,1.0,1.0,51.0,1.0
718,ART0002132,Tornitura,A20,2.25,0.75,70.0,3.0,1.5,1.5,68.0,1.0
719,ART0002133,Controllo qualità,CQ,0.0,0.0,15.0,6.0,0.0,0.0,12.75,7.0
720,ART0002133,Fresatura,A30,2.75,0.4583333333333333,50.0,6.0,0.5,0.07142857142857142,51.0,7.0
721,ART0002133,Saldatura,A11,1.339,0.22316666666666665,50.0,6.0,,,,
722,ART0002133,Tornitura,A20,14.25,2.375,75.0,6.0,5.5,0.7857142857142857,68.0,7.0
723,ART0002139,Controllo qualità,CQ,0.0,0.0,15.0,3.0,0.0,0.0,12.75,2.0
724,ART0002139,Fresatura,A30,0.75,0.25,50.0,3.0,1.65,0.825,46.75,2.0
725,ART0002139,Tornitura,A20,2.0,0.6666666666666666,60.0,3.0,2.75,1.375,59.5,2.0
726,ART0002140,Controllo qualità,CQ,0.0,0.0,15.0,3.0,0.0,0.0,12.75,2.0
727,ART0002140,Fresatura,A30,1.0,0.3333333333333333,50.0,3.0,2.0,1.0,46.75,2.0
728,ART0002140,Tornitura,A20,1.5,0.5,60.0,3.0,3.0,1.5,59.5,2.0
729,ART0002141,Controllo qualità,CQ,0.0,0.0,15.0,2.0,,,,
730,ART0002141,Fresatura,A30,6.5,3.25,50.0,2.0,1.0,1.0,51.0,1.0
731,ART0002141,Tornitura,A20,7.5,3.75,70.0,2.0,2.5,2.5,51.0,1.0
732,ART0002142,Brocciatura / stozzatrice,A33,1.17,0.585,50.0,2.0,,,,
733,ART0002142,Controllo qualità,CQ,0.0,0.0,15.0,2.0,0.0,0.0,12.75,1.0
734,ART0002142,Fresatura,A30,2.5,1.25,50.0,2.0,0.75,0.75,51.0,1.0
735,ART0002142,Tornitura,A20,2.0,1.0,60.0,2.0,4.5,4.5,68.0,1.0
736,ART0002144,Controllo qualità,CQ,0.0,0.0,15.0,3.0,0.0,0.0,12.75,1.0
737,ART0002144,Fresatura,A30,1.5,0.5,50.0,3.0,1.0,1.0,51.0,1.0
738,ART0002144,Tornitura,A20,2.25,0.75,70.0,3.0,1.5,1.5,68.0,1.0
739,ART0002145,Controllo qualità,CQ,0.0,0.0,15.0,1.0,0.0,0.0,12.75,1.0
740,ART0002145,Fresatura,A30,0.75,0.75,50.0,1.0,1.0,1.0,51.0,1.0
741,ART0002145,Tornitura,A20,1.5,1.5,60.0,1.0,2.5,2.5,68.0,1.0
742,ART0002148,Controllo qualità,CQ,0.0,0.0,15.0,6.0,0.0,0.0,12.75,6.0
743,ART0002148,Fresatura,A30,4.5,0.75,50.0,6.0,5.0,0.8333333333333334,51.0,6.0
744,ART0002148,Tornitura,A20,7.0,1.1666666666666667,80.0,6.0,9.0,1.5,51.0,6.0
745,ART0002152,Fresatura,A30,4.0,,50.0,0.0,2.5,0.4166666666666667,51.0,6.0
746,ART0002152,Tornitura,A20,3.0,0.375,60.0,8.0,3.0,0.5,51.0,6.0
747,ART0002172,Controllo qualità,CQ,0.0,0.0,15.0,3.0,0.0,0.0,12.75,2.0
748,ART0002172,Fresatura,A30,1.75,0.4375,50.0,4.0,0.5,0.25,42.5,2.0
749,ART0002172,Tornitura,A20,7.25,1.8125,73.33333333333333,4.0,1.5,0.75,51.0,2.0
750,ART0002173,Controllo qualità,CQ,0.0,0.0,15.0,6.0,0.0,0.0,12.75,3.0
751,ART0002173,Fresatura,A30,4.25,0.7083333333333334,55.0,6.0,1.5,0.5,51.0,3.0
752,ART0002173,Tornitura,A20,3.5,0.5833333333333334,60.0,6.0,2.0,0.6666666666666666,51.0,3.0
753,ART0002191,Controllo qualità,CQ,0.0,0.0,15.0,2.0,0.0,0.0,12.75,2.0
754,ART0002191,Tornitura,A20,4.0,2.0,80.0,2.0,2.25,1.125,68.0,2.0
755,ART0002195,Controllo qualità,CQ,0.0,0.0,15.0,3.0,0.0,0.0,12.75,1.0
756,ART0002195,Fresatura,A30,3.5,1.1666666666666667,50.0,3.0,1.25,1.25,51.0,1.0
757,ART0002195,Tornitura,A20,4.5,1.5,80.0,3.0,2.0,2.0,68.0,1.0
758,ART0002210,Controllo qualità,CQ,0.0,0.0,15.0,6.0,0.0,0.0,12.75,5.0
759,ART0002210,Tornitura,A20,2.5,0.4166666666666667,60.0,6.0,2.75,0.55,68.0,5.0
760,ART0002214,Controllo qualità,CQ,0.0,0.0,15.0,2.0,0.0,0.0,12.75,2.0
761,ART0002214,Fresatura,A30,1.75,0.875,50.0,2.0,1.0,0.5,51.0,2.0
762,ART0002214,Tornitura,A20,1.5,0.75,60.0,2.0,3.5,1.75,59.5,2.0
763,ART0002224,Controllo qualità,CQ,0.0,0.0,15.0,4.0,0.0,0.0,12.75,16.0
764,ART0002224,Fresatura,A30,5.33,1.3325,55.0,4.0,2.75,0.171875,51.0,16.0
765,ART0002224,Tornitura,A20,3.75,0.9375,60.0,4.0,4.0,0.25,51.0,16.0
766,ART0002228,Controllo qualità,CQ,0.0,0.0,15.0,2.0,0.0,0.0,12.75,2.0
767,ART0002228,Fresatura,A30,2.75,1.375,50.0,2.0,1.5,0.75,51.0,2.0
768,ART0002238,Controllo qualità,CQ,0.0,0.0,15.0,7.0,0.0,0.0,12.75,1.0
769,ART0002238,Fresatura,A30,8.33,1.19,50.0,7.0,0.25,0.25,51.0,1.0
770,ART0002238,Tornitura,A20,4.25,1.0625,66.66666666666667,4.0,0.75,0.75,68.0,1.0
771,ART0002240,Fresatura,A30,1.5,0.375,50.0,4.0,0.75,0.375,51.0,2.0
772,ART0002240,Tornitura,A20,2.5,0.625,60.0,4.0,3.0,1.5,68.0,2.0
773,ART0002249,Fresatura,A30,0.75,0.15,50.0,5.0,0.75,0.1875,51.0,4.0
774,ART0002249,Tornitura,A20,3.0,0.5,80.0,6.0,2.0,0.5,51.0,4.0
775,ART0002262,Controllo qualità,CQ,0.0,0.0,15.0,2.0,0.0,0.0,12.75,1.0
776,ART0002262,Fresatura,A30,4.25,2.125,50.0,2.0,2.25,2.25,46.75,1.0
777,ART0002263,Controllo qualità,CQ,0.0,0.0,15.0,2.0,0.0,0.0,12.75,1.0
778,ART0002263,Fresatura,A30,2.0,1.0,50.0,2.0,1.5,1.5,51.0,1.0
779,ART0002267,Controllo qualità,CQ,0.0,0.0,15.0,4.0,0.0,0.0,12.75,4.0
780,ART0002267,Fresatura,A30,5.0,1.25,50.0,4.0,2.0,0.5,51.0,4.0
781,ART0002267,Tornitura,A20,6.5,1.625,73.33333333333333,4.0,5.0,1.25,59.5,4.0
782,ART0002271,Controllo qualità,CQ,0.0,0.0,15.0,5.0,0.0,0.0,12.75,4.0
783,ART0002271,Fresatura,A30,4.0,0.8,50.0,5.0,5.5,1.375,48.166666666666664,4.0
784,ART0002271,Tornitura,A20,4.0,0.8,70.0,5.0,6.5,1.625,51.0,4.0
785,ART0002273,Controllo qualità,CQ,0.0,0.0,15.0,2.0,0.0,0.0,12.75,1.0
786,ART0002273,Fresatura,A30,3.5,1.75,60.0,2.0,0.5,0.5,42.5,1.0
787,ART0002273,Tornitura,A20,1.5,0.75,60.0,2.0,2.0,2.0,68.0,1.0
788,ART0002274,Controllo qualità,CQ,0.0,0.0,15.0,2.0,0.0,0.0,12.75,2.0
789,ART0002274,Fresatura,A30,1.25,0.625,50.0,2.0,0.75,0.375,42.5,2.0
790,ART0002274,Tornitura,A20,3.0,1.5,60.0,2.0,4.0,2.0,68.0,2.0
791,ART0002284,Controllo qualità,CQ,0.0,0.0,15.0,1.0,0.0,0.0,12.75,1.0
792,ART0002284,Fresatura,A30,0.5,0.5,50.0,1.0,,,,
793,ART0002299,Controllo qualità,CQ,0.0,0.0,15.0,2.0,0.0,0.0,12.75,2.0
794,ART0002299,Fresatura,A30,3.0,1.5,60.0,2.0,3.5,1.75,42.5,2.0
795,ART0002299,Tornitura,A20,1.75,0.875,60.0,2.0,2.0,1.0,51.0,2.0
796,ART0002306,Controllo qualità,CQ,0.0,0.0,15.0,2.0,0.0,0.0,12.75,1.0
797,ART0002306,Fresatura,A30,0.5,0.25,50.0,2.0,0.5,0.5,46.75,1.0
798,ART0002306,Tornitura,A20,1.25,0.625,80.0,2.0,2.0,2.0,68.0,1.0
799,ART0002360,Brocciatura / stozzatrice,A33,12.0,3.0,50.833333333333336,4.0,0.67,0.335,42.5,2.0
800,ART0002360,Controllo qualità,CQ,0.0,0.0,15.0,4.0,0.0,0.0,12.75,2.0
801,ART0002360,Fresatura,A30,31.240000000000002,7.8100000000000005,50.833333333333336,4.0,5.0,2.5,51.0,2.0
802,ART0002360,Saldatura,A11,4.91,1.2275,50.0,4.0,0.67,0.335,42.5,2.0
803,ART0002360,Tornitura,A20,47.6,11.9,78.46153846153847,4.0,11.25,5.625,68.0,2.0
804,ART0002366,Controllo qualità,CQ,0.0,0.0,15.0,8.0,0.0,0.0,12.75,16.0
805,ART0002366,Fresatura,A30,6.08,0.76,50.0,8.0,4.0,0.25,51.0,16.0
806,ART0002366,Tornitura,A20,11.75,1.46875,75.0,8.0,6.75,0.421875,59.5,16.0
807,ART0002370,Controllo qualità,CQ,0.0,0.0,15.0,6.0,0.0,0.0,12.75,1.0
808,ART0002370,Fresatura,A30,7.75,1.2916666666666667,50.0,6.0,2.75,0.9166666666666666,44.2,3.0
809,ART0002370,Tornitura,A20,7.5,1.25,60.0,6.0,,,,
810,ART0002385,Controllo qualità,CQ,0.0,0.0,15.0,18.0,0.0,0.0,12.75,25.0
811,ART0002385,Tornitura,A20,5.75,0.3382352941176471,60.0,17.0,8.5,0.34,51.0,25.0
812,ART0002411,Controllo qualità,CQ,0.0,0.0,15.0,8.0,0.0,0.0,12.75,8.0
813,ART0002411,Fresatura,A30,7.75,0.96875,55.0,8.0,5.125,0.640625,42.5,8.0
814,ART0002416,Controllo qualità,CQ,0.0,0.0,15.0,45.0,0.0,0.0,12.75,13.0
815,ART0002416,Fresatura,A30,8.75,0.19444444444444445,55.0,45.0,3.0,0.23076923076923078,42.5,13.0
816,ART0002423,Controllo qualità,CQ,0.0,0.0,15.0,10.0,0.0,0.0,12.75,5.0
817,ART0002423,Fresatura,A30,3.25,0.325,50.0,10.0,1.0,0.2,51.0,5.0
818,ART0002424,Controllo qualità,CQ,0.0,0.0,15.0,8.0,0.0,0.0,12.75,16.0
819,ART0002424,Fresatura,A30,1.75,0.19444444444444445,50.0,9.0,3.0,0.1875,51.0,16.0
820,ART0002444,Controllo qualità,CQ,0.0,0.0,15.0,20.0,0.0,0.0,12.75,11.0
821,ART0002444,Fresatura,A30,0.5,0.025,80.0,20.0,1.5,0.13636363636363635,46.75,11.0
822,ART0002444,Tornitura,A20,7.5,0.4166666666666667,80.0,18.0,6.75,0.6136363636363636,68.0,11.0
823,ART0002450,Controllo qualità,CQ,0.0,0.0,15.0,2.0,0.0,0.0,12.75,2.0
824,ART0002450,Fresatura,A30,0.25,0.125,50.0,2.0,0.5,0.25,51.0,2.0
825,ART0002450,Tornitura,A20,8.0,4.0,80.0,2.0,8.5,4.25,68.0,2.0
826,ART0002451,Controllo qualità,CQ,0.0,0.0,15.0,4.0,0.0,0.0,12.75,1.0
827,ART0002451,Fresatura,A30,6.25,1.5625,50.0,4.0,1.25,1.25,46.75,1.0
828,ART0002451,Tornitura,A20,14.75,3.6875,80.0,4.0,5.5,5.5,68.0,1.0
829,ART0002452,Controllo qualità,CQ,0.0,0.0,15.0,2.0,0.0,0.0,12.75,2.0
830,ART0002452,Tornitura,A20,5.5,2.75,80.0,2.0,5.25,2.625,68.0,2.0
831,ART0002455,Controllo qualità,CQ,0.0,0.0,15.0,2.0,0.0,0.0,12.75,1.0
832,ART0002455,Fresatura,A30,0.25,0.25,50.0,1.0,0.55,0.55,51.0,1.0
833,ART0002455,Tornitura,A20,16.25,8.125,80.0,2.0,10.7,10.7,68.0,1.0
834,ART0002456,Controllo qualità,CQ,0.0,0.0,15.0,2.0,0.0,0.0,12.75,1.0
835,ART0002456,Fresatura,A30,5.75,2.875,50.0,2.0,4.25,4.25,51.0,1.0
836,ART0002464,Controllo qualità,CQ,0.0,0.0,15.0,1.0,0.0,0.0,12.75,1.0
837,ART0002464,Fresatura,A30,0.25,0.25,50.0,1.0,,,,
838,ART0002464,Tornitura,A20,1.0,1.0,80.0,1.0,1.5,1.5,68.0,1.0
839,ART0002476,Controllo qualità,CQ,0.0,0.0,15.0,10.0,0.0,0.0,12.75,15.0
840,ART0002476,Fresatura,A30,1.011,0.16849999999999998,50.0,6.0,1.0,0.06666666666666667,51.0,15.0
841,ART0002476,Tornitura,A20,10.25,0.6833333333333333,60.0,15.0,2.5,0.16666666666666666,51.0,15.0
842,ART0002488,Controllo qualità,CQ,0.0,0.0,15.0,1.0,0.0,0.0,12.75,1.0
843,ART0002488,Fresatura,A30,1.419,1.419,50.0,1.0,1.0,1.0,42.5,1.0
844,ART0002488,Tornitura,A20,3.25,3.25,80.0,1.0,4.25,4.25,68.0,1.0
845,ART0002490,Controllo qualità,CQ,0.0,0.0,15.0,15.0,0.0,0.0,12.75,15.0
846,ART0002490,Fresatura,A30,6.75,0.45,50.0,15.0,2.0,0.13333333333333333,51.0,15.0
847,ART0002490,Tornitura,A20,11.75,0.7833333333333333,75.0,15.0,3.0,0.2,68.0,15.0
848,ART0002494,Controllo qualità,CQ,0.0,0.0,15.0,3.0,0.0,0.0,12.75,3.0
849,ART0002494,Fresatura,A30,3.0,1.0,50.0,3.0,2.0,0.6666666666666666,51.0,3.0
850,ART0002494,Tornitura,A20,2.5,0.8333333333333334,60.0,3.0,3.5,1.1666666666666667,68.0,3.0
851,ART0002498,Controllo qualità,CQ,0.0,0.0,15.0,2.0,0.0,0.0,12.75,1.0
852,ART0002498,Fresatura,A30,0.25,0.125,50.0,2.0,0.5,0.5,51.0,1.0
853,ART0002498,Tornitura,A20,1.25,0.625,60.0,2.0,1.75,1.75,68.0,1.0
854,ART0002502,Fresatura,A30,2.25,0.16071428571428573,50.0,14.0,1.25,0.17857142857142858,42.5,7.0
855,ART0002502,Tornitura,A20,5.5,0.39285714285714285,80.0,14.0,2.25,0.32142857142857145,51.0,7.0
856,ART0002504,Controllo qualità,CQ,0.0,0.0,15.0,12.0,0.0,0.0,12.75,16.0
857,ART0002504,Fresatura,A30,7.500299999999999,0.75003,68.0,10.0,3.251,0.2031875,59.5,16.0
858,ART0002504,Tornitura,A20,15.0,1.25,72.0,12.0,9.0,0.5625,59.5,16.0
859,ART0002508,Controllo qualità,CQ,0.0,0.0,15.0,1.0,0.0,0.0,12.75,1.0
860,ART0002508,Fresatura,A30,1.0,1.0,50.0,1.0,0.5,0.5,51.0,1.0
861,ART0002508,Tornitura,A20,3.75,3.75,70.0,1.0,1.5,1.5,68.0,1.0
862,ART0002511,Controllo qualità,CQ,0.0,0.0,15.0,1.0,0.0,0.0,12.75,1.0
863,ART0002511,Fresatura,A30,0.5,0.5,50.0,1.0,0.5,0.5,51.0,1.0
864,ART0002511,Tornitura,A20,0.01,0.01,60.0,1.0,1.0,1.0,68.0,1.0
865,ART0002513,Controllo qualità,CQ,0.0,0.0,15.0,8.0,0.0,0.0,12.75,7.0
866,ART0002513,Fresatura,A30,4.7490000000000006,0.47490000000000004,53.333333333333336,10.0,3.5,0.5,51.0,7.0
867,ART0002513,Tornitura,A20,10.0,1.0,80.0,10.0,8.0,1.1428571428571428,51.0,7.0
868,ART0002517,Controllo qualità,CQ,0.0,0.0,15.0,3.0,0.0,0.0,12.75,1.0
869,ART0002517,Fresatura,A30,1.25,0.4166666666666667,50.0,3.0,0.5,0.5,51.0,1.0
870,ART0002517,Tornitura,A20,2.5,0.8333333333333334,80.0,3.0,0.75,0.75,68.0,1.0
871,ART0002530,Controllo qualità,CQ,0.0,0.0,15.0,8.0,0.0,0.0,12.75,6.0
872,ART0002530,Fresatura,A30,0.26,0.037142857142857144,50.0,7.0,,,,
873,ART0002531,Controllo qualità,CQ,0.0,0.0,15.0,10.0,,,,
874,ART0002531,Fresatura,A30,3.5,0.7,50.0,5.0,2.5,0.5,51.0,5.0
875,ART0002531,Tornitura,A20,2.0,0.4,60.0,5.0,2.5,0.5,51.0,5.0
876,ART0002551,Controllo qualità,CQ,0.0,0.0,15.0,3.0,0.0,0.0,12.75,3.0
877,ART0002551,Fresatura,A30,10.0,3.3333333333333335,50.0,3.0,13.25,4.416666666666667,48.166666666666664,3.0
878,ART0002551,Tornitura,A20,4.75,1.5833333333333333,80.0,3.0,4.25,1.4166666666666667,68.0,3.0
879,ART0002552,Controllo qualità,CQ,0.0,0.0,15.0,10.0,0.0,0.0,12.75,5.0
880,ART0002552,Fresatura,A30,5.08,0.508,55.0,10.0,2.0,0.4,45.333333333333336,5.0
881,ART0002554,Controllo qualità,CQ,0.0,0.0,15.0,3.0,0.0,0.0,12.75,3.0
882,ART0002554,Fresatura,A30,2.0,0.6666666666666666,50.0,3.0,1.5,0.5,46.75,3.0
883,ART0002554,Tornitura,A20,2.75,0.9166666666666666,60.0,3.0,3.5,1.1666666666666667,68.0,3.0
884,ART0002555,Fresatura,A30,1.0,0.25,50.0,4.0,0.5,0.25,51.0,2.0
885,ART0002555,Tornitura,A20,1.75,0.4375,60.0,4.0,2.5,1.25,68.0,2.0
886,ART0002556,Fresatura,A30,1.5070000000000001,0.37675000000000003,50.0,4.0,1.0,0.5,51.0,2.0
887,ART0002556,Tornitura,A20,2.5,0.625,60.0,4.0,2.75,1.375,68.0,2.0
888,ART0002580,Controllo qualità,CQ,0.0,0.0,15.0,3.0,0.0,0.0,12.75,1.0
889,ART0002580,Fresatura,A30,0.0001,3.3333333333333335e-05,80.0,3.0,2.25,2.25,46.75,1.0
890,ART0002580,Tornitura,A20,4.0,1.3333333333333333,80.0,3.0,5.0,5.0,68.0,1.0
891,ART0002581,Controllo qualità,CQ,0.0,0.0,15.0,1.0,0.0,0.0,12.75,1.0
892,ART0002581,Fresatura,A30,4.5,2.25,50.0,2.0,4.75,4.75,51.0,1.0
893,ART0002586,Controllo qualità,CQ,0.0,0.0,15.0,3.0,0.0,0.0,12.75,1.0
894,ART0002586,Fresatura,A30,1.5,0.5,50.0,3.0,1.0,1.0,42.5,1.0
895,ART0002586,Tornitura,A20,1.5,0.5,60.0,3.0,2.25,2.25,59.5,1.0
896,ART0002598,Controllo qualità,CQ,0.0,0.0,15.0,5.0,0.0,0.0,12.75,2.0
897,ART0002598,Fresatura,A30,6.25,1.25,50.0,5.0,2.5,1.25,51.0,2.0
898,ART0002598,Tornitura,A20,5.75,1.15,73.33333333333333,5.0,2.75,1.375,68.0,2.0
899,ART0002608,Controllo qualità,CQ,0.0,0.0,15.0,1.0,,,,
900,ART0002608,Fresatura,A30,1.25,1.25,50.0,1.0,1.75,1.75,51.0,1.0
901,ART0002614,Controllo qualità,CQ,0.0,0.0,15.0,1.0,0.0,0.0,12.75,1.0
902,ART0002614,Fresatura,A30,2.5,2.5,50.0,1.0,2.25,2.25,51.0,1.0
903,ART0002614,Tornitura,A20,1.5,1.5,60.0,1.0,2.25,2.25,59.5,1.0
904,ART0002615,Controllo qualità,CQ,0.0,0.0,15.0,3.0,0.0,0.0,12.75,1.0
905,ART0002615,Fresatura,A30,1.2501,0.4167,65.0,3.0,0.75,0.75,51.0,1.0
906,ART0002615,Tornitura,A20,3.5,1.1666666666666667,80.0,3.0,1.25,1.25,68.0,1.0
907,ART0002617,Controllo qualità,CQ,0.0,0.0,15.0,2.0,0.0,0.0,12.75,2.0
908,ART0002617,Fresatura,A30,1.5,0.75,50.0,2.0,1.0,0.5,51.0,2.0
909,ART0002617,Tornitura,A20,1.5,0.75,60.0,2.0,2.25,1.125,68.0,2.0
910,ART0002619,Controllo qualità,CQ,0.0,0.0,15.0,2.0,0.0,0.0,12.75,1.0
911,ART0002619,Fresatura,A30,0.75,0.375,60.0,2.0,2.0,2.0,42.5,1.0
912,ART0002628,Controllo qualità,CQ,0.0,0.0,15.0,2.0,0.0,0.0,12.75,2.0
913,ART0002628,Fresatura,A30,4.0,2.0,50.0,2.0,1.0,0.5,51.0,2.0
914,ART0002628,Tornitura,A20,4.5,2.25,80.0,2.0,1.5,0.75,68.0,2.0
915,ART0002706,Controllo qualità,CQ,0.0,0.0,15.0,2.0,0.0,0.0,12.75,1.0
916,ART0002706,Fresatura,A30,5.5,2.75,50.0,2.0,2.75,2.75,46.75,1.0
917,ART0002706,Tornitura,A20,3.75,1.875,70.0,2.0,4.75,4.75,68.0,1.0
918,ART0002707,Controllo qualità,CQ,0.0,0.0,15.0,2.0,0.0,0.0,12.75,1.0
919,ART0002707,Fresatura,A30,5.0,2.5,50.0,2.0,2.75,2.75,46.75,1.0
920,ART0002707,Tornitura,A20,4.75,2.375,70.0,2.0,6.0,6.0,68.0,1.0
921,ART0002712,Controllo qualità,CQ,0.0,0.0,15.0,19.0,0.0,0.0,12.75,1.0
922,ART0002712,Fresatura,A30,2.75,0.14473684210526316,50.0,19.0,0.25,0.25,42.5,1.0
923,ART0002712,Tornitura,A20,10.0,0.5263157894736842,60.0,19.0,1.0,1.0,51.0,1.0
924,ART0002718,Controllo qualità,CQ,0.0,0.0,15.0,1.0,0.0,0.0,12.75,1.0
925,ART0002719,Controllo qualità,CQ,0.0,0.0,15.0,1.0,0.0,0.0,12.75,1.0
926,ART0002739,Controllo qualità,CQ,0.0,0.0,15.0,15.0,0.0,0.0,12.75,7.0
927,ART0002739,Fresatura,A30,7.25,0.48333333333333334,50.0,15.0,2.0,0.2857142857142857,51.0,7.0
928,ART0002739,Tornitura,A20,8.5001,0.5666733333333334,80.0,15.0,1.5,0.21428571428571427,68.0,7.0
929,ART0002740,Controllo qualità,CQ,0.0,0.0,15.0,47.0,0.0,0.0,12.75,47.0
930,ART0002740,Fresatura,A30,47.24,1.0051063829787235,53.0,47.0,20.0,0.425531914893617,49.3,47.0
931,ART0002740,Tornitura,A20,42.2501,0.8989382978723405,80.0,47.0,23.25,0.4946808510638298,68.0,47.0
932,ART0002747,Controllo qualità,CQ,0.0,0.0,15.0,1.0,0.0,0.0,12.75,2.0
933,ART0002747,Fresatura,A30,1.0,1.0,50.0,1.0,3.0,1.5,51.0,2.0
934,ART0002753,Controllo qualità,CQ,0.0,0.0,15.0,2.0,0.0,0.0,12.75,2.0
935,ART0002753,Fresatura,A30,2.0,1.0,50.0,2.0,2.5,1.25,51.0,2.0
936,ART0002753,Tornitura,A20,4.5,2.25,60.0,2.0,2.0,1.0,68.0,2.0
937,ART0002755,Controllo qualità,CQ,0.0,0.0,15.0,2.0,0.0,0.0,12.75,3.0
938,ART0002755,Fresatura,A30,3.5,1.75,50.0,2.0,2.25,0.75,51.0,3.0
939,ART0002755,Tornitura,A20,6.25,3.125,80.0,2.0,4.5,1.5,51.0,3.0
940,ART0002793,Controllo qualità,CQ,0.0,0.0,15.0,50.0,0.0,0.0,12.75,60.0
941,ART0002793,Fresatura,A30,44.33,0.8865999999999999,51.42857142857143,50.0,17.5,0.2916666666666667,45.333333333333336,60.0
942,ART0002829,Controllo qualità,CQ,0.0,0.0,15.0,6.0,0.0,0.0,12.75,9.0
943,ART0002829,Tornitura,A20,4.5,0.75,70.0,6.0,5.5,0.4583333333333333,62.333333333333336,12.0
944,ART0002836,Controllo qualità,CQ,0.0,0.0,15.0,21.0,0.0,0.0,12.75,21.0
945,ART0002836,Tornitura,A20,8.0,0.38095238095238093,80.0,21.0,7.75,0.36904761904761907,68.0,21.0
946,ART0002859,Controllo qualità,CQ,0.0,0.0,15.0,6.0,0.0,0.0,12.75,7.0
947,ART0002859,Fresatura,A30,11.75,1.9583333333333333,53.333333333333336,6.0,8.9,1.2714285714285716,42.5,7.0
948,ART0002860,Controllo qualità,CQ,0.0,0.0,15.0,6.0,0.0,0.0,12.75,7.0
949,ART0002860,Fresatura,A30,11.75,1.9583333333333333,53.333333333333336,6.0,7.5,1.0714285714285714,42.5,7.0
950,ART0002866,Controllo qualità,CQ,0.0,0.0,15.0,10.0,0.0,0.0,12.75,10.0
951,ART0002866,Fresatura,A30,9.5,0.95,53.333333333333336,10.0,7.25,0.725,48.166666666666664,10.0
952,ART0002866,Tornitura,A20,6.5,0.65,60.0,10.0,9.5,0.95,51.0,10.0
953,ART0002867,Controllo qualità,CQ,0.0,0.0,15.0,18.0,0.0,0.0,12.75,10.0
954,ART0002867,Fresatura,A30,9.0,0.5,55.0,18.0,8.0,0.8,51.0,10.0
955,ART0002867,Montaggio,A40,1.0,0.05555555555555555,50.0,18.0,0.75,0.15,51.0,5.0
956,ART0002867,Tornitura,A20,6.5,0.3611111111111111,60.0,18.0,3.0,0.3,51.0,10.0
957,ART0002882,Controllo qualità,CQ,0.0,0.0,15.0,2.0,0.0,0.0,12.75,1.0
958,ART0002882,Fresatura,A30,3.0,1.5,50.0,2.0,2.25,2.25,51.0,1.0
959,ART0002882,Tornitura,A20,1.75,0.875,80.0,2.0,1.25,1.25,68.0,1.0
960,ART0002886,Controllo qualità,CQ,0.0,0.0,15.0,3.0,0.0,0.0,12.75,2.0
961,ART0002886,Fresatura,A30,5.25,1.75,53.333333333333336,3.0,4.0,2.0,51.0,2.0
962,ART0002886,Tornitura,A20,2.75,0.9166666666666666,60.0,3.0,3.25,1.625,59.5,2.0
963,ART0002895,Controllo qualità,CQ,0.0,0.0,15.0,3.0,0.0,0.0,12.75,1.0
964,ART0002895,Fresatura,A30,8.25,2.75,60.0,3.0,5.0,5.0,42.5,1.0
965,ART0002896,Controllo qualità,CQ,0.0,0.0,15.0,3.0,0.0,0.0,12.75,1.0
966,ART0002896,Fresatura,A30,8.25,2.75,60.0,3.0,4.75,4.75,42.5,1.0
967,ART0002897,Controllo qualità,CQ,0.0,0.0,15.0,2.0,0.0,0.0,12.75,2.0
968,ART0002897,Fresatura,A30,20.75,10.375,50.0,2.0,4.5,2.25,42.5,2.0
969,ART0002897,Montaggio,A40,1.0,0.5,50.0,2.0,,,,
970,ART0002897,Tornitura,A20,1.76,0.88,73.33333333333333,2.0,,,,
971,ART0002909,Controllo qualità,CQ,0.0,0.0,15.0,18.0,0.0,0.0,12.75,10.0
972,ART0002909,Fresatura,A30,3.5,0.21875,80.0,16.0,2.5,0.25,51.0,10.0
973,ART0002909,Montaggio,A40,1.0,0.05555555555555555,50.0,18.0,0.75,0.15,51.0,5.0
974,ART0002909,Tornitura,A20,3.5,0.19444444444444445,60.0,18.0,4.0,0.4,51.0,10.0
975,ART0002918,Controllo qualità,CQ,0.0,0.0,15.0,3.0,0.0,0.0,12.75,2.0
976,ART0002918,Fresatura,A30,9.25,3.0833333333333335,50.0,3.0,5.0,1.6666666666666667,51.0,3.0
977,ART0002918,Tornitura,A20,6.0,2.0,80.0,3.0,5.5,1.8333333333333333,68.0,3.0
978,ART0002919,Controllo qualità,CQ,0.0,0.0,15.0,3.0,0.0,0.0,12.75,2.0
979,ART0002919,Fresatura,A30,6.75,2.25,50.0,3.0,4.5,1.5,51.0,3.0
980,ART0002919,Tornitura,A20,7.25,2.4166666666666665,80.0,3.0,6.0,2.0,68.0,3.0
981,ART0002938,Controllo qualità,CQ,0.0,0.0,15.0,1.0,0.0,0.0,12.75,2.0
982,ART0002938,Fresatura,A30,1.25,1.25,50.0,1.0,1.5,0.75,51.0,2.0
983,ART0002938,Tornitura,A20,3.0,3.0,80.0,1.0,7.0,3.5,68.0,2.0
984,ART0002949,Controllo qualità,CQ,0.0,0.0,15.0,1.0,0.0,0.0,12.75,2.0
985,ART0002949,Fresatura,A30,7.25,7.25,50.0,1.0,4.25,2.125,51.0,2.0
986,ART0002949,Tornitura,A20,2.0,2.0,80.0,1.0,4.0,4.0,68.0,1.0
987,ART0002958,Controllo qualità,CQ,0.0,0.0,15.0,2.0,0.0,0.0,12.75,2.0
988,ART0002958,Fresatura,A30,1.5,0.75,50.0,2.0,1.25,0.625,42.5,2.0
989,ART0002959,Controllo qualità,CQ,0.0,0.0,15.0,2.0,0.0,0.0,12.75,2.0
990,ART0002959,Fresatura,A30,1.75,0.875,50.0,2.0,1.5,0.75,42.5,2.0
991,ART0002961,Controllo qualità,CQ,0.0,0.0,15.0,2.0,0.0,0.0,12.75,2.0
992,ART0002961,Fresatura,A30,1.75,0.875,50.0,2.0,2.25,1.125,42.5,2.0
993,ART0002961,Tornitura,A20,4.0,2.0,80.0,2.0,,,,
994,ART0002962,Controllo qualità,CQ,0.0,0.0,15.0,2.0,0.0,0.0,12.75,2.0
995,ART0002962,Fresatura,A30,1.25,0.625,50.0,2.0,1.75,0.875,42.5,2.0
996,ART0002962,Tornitura,A20,3.25,1.625,80.0,2.0,,,,
997,ART0002963,Controllo qualità,CQ,0.0,0.0,15.0,2.0,0.0,0.0,12.75,2.0
998,ART0002963,Fresatura,A30,1.25,0.625,50.0,2.0,1.75,0.875,42.5,2.0
999,ART0002963,Tornitura,A20,4.5,2.25,80.0,2.0,,,,
1000,ART0002968,Controllo qualità,CQ,0.0,0.0,15.0,2.0,0.0,0.0,12.75,2.0
1001,ART0002968,Fresatura,A30,1.5,0.75,50.0,2.0,1.0,0.5,51.0,2.0
1002,ART0002968,Tornitura,A20,4.0,2.0,80.0,2.0,3.0,1.5,68.0,2.0
1003,ART0002969,Controllo qualità,CQ,0.0,0.0,15.0,2.0,0.0,0.0,12.75,2.0
1004,ART0002969,Fresatura,A30,2.25,1.125,50.0,2.0,2.0,1.0,51.0,2.0
1005,ART0002969,Tornitura,A20,3.5,1.75,80.0,2.0,2.75,1.375,68.0,2.0
1006,ART0002978,Controllo qualità,CQ,0.0,0.0,15.0,1.0,0.0,0.0,12.75,1.0
1007,ART0002978,Fresatura,A30,1.25,1.25,50.0,1.0,1.5,0.75,51.0,2.0
1008,ART0002978,Tornitura,A20,1.25,1.25,80.0,1.0,2.75,1.375,68.0,2.0
1009,ART0002988,Controllo qualità,CQ,0.0,0.0,15.0,2.0,0.0,0.0,12.75,1.0
1010,ART0002988,Fresatura,A30,1.751,0.8755,65.0,2.0,2.75,2.75,45.333333333333336,1.0
1011,ART0002988,Tornitura,A20,6.75,3.375,80.0,2.0,4.5,4.5,68.0,1.0
1012,ART0002989,Controllo qualità,CQ,0.0,0.0,15.0,3.0,0.0,0.0,12.75,1.0
1013,ART0002989,Fresatura,A30,3.75,1.25,50.0,3.0,4.0,4.0,46.75,1.0
1014,ART0002989,Tornitura,A20,5.0,2.5,80.0,2.0,3.5,3.5,68.0,1.0
1015,ART0002990,Controllo qualità,CQ,0.0,0.0,15.0,2.0,0.0,0.0,12.75,1.0
1016,ART0002990,Fresatura,A30,0.0001,5e-05,80.0,2.0,2.75,2.75,42.5,1.0
1017,ART0002990,Tornitura,A20,6.5,3.25,80.0,2.0,4.5,4.5,59.5,1.0
1018,ART0002996,Controllo qualità,CQ,0.0,0.0,15.0,1.0,,,,
1019,ART0002996,Fresatura,A30,5.75,5.75,50.0,1.0,3.75,1.875,42.5,2.0
1020,ART0002997,Controllo qualità,CQ,0.0,0.0,15.0,2.0,0.0,0.0,12.75,2.0
1021,ART0002997,Fresatura,A30,2.0,1.0,60.0,2.0,4.5,2.25,51.0,2.0
1022,ART0002997,Tornitura,A20,4.0,2.0,80.0,2.0,7.0,3.5,68.0,2.0
1023,ART0003099,Controllo qualità,CQ,0.0,0.0,15.0,19.0,0.0,0.0,12.75,20.0
1024,ART0003099,Fresatura,A30,4.0,0.21052631578947367,50.0,19.0,3.75,0.1875,42.5,20.0
1025,ART0003101,Fresatura,A30,3.75,0.234375,50.0,16.0,1.75,0.25,51.0,7.0
1026,ART0003101,Tornitura,A20,3.5,0.21875,80.0,16.0,1.5,0.21428571428571427,68.0,7.0
1027,ART0003105,Controllo qualità,CQ,0.0,0.0,15.0,2.0,0.0,0.0,12.75,1.0
1028,ART0003105,Fresatura,A30,2.0,1.0,50.0,2.0,2.75,2.75,51.0,1.0
1029,ART0003132,Controllo qualità,CQ,0.0,0.0,15.0,10.0,0.0,0.0,12.75,8.0
1030,ART0003132,Fresatura,A30,4.0,0.4,50.0,10.0,3.75,0.46875,46.75,8.0
1031,ART0003135,Controllo qualità,CQ,0.0,0.0,15.0,4.0,0.0,0.0,12.75,4.0
1032,ART0003135,Fresatura,A30,0.25,0.0625,60.0,4.0,0.25,0.0625,42.5,4.0
1033,ART0003160,Controllo qualità,CQ,0.0,0.0,15.0,1.0,0.0,0.0,12.75,1.0
1034,ART0003160,Tornitura,A20,2.0,2.0,80.0,1.0,3.75,3.75,68.0,1.0
1035,ART0003164,Controllo qualità,CQ,0.0,0.0,15.0,4.0,0.0,0.0,12.75,1.0
1036,ART0003164,Fresatura,A30,0.25,0.0625,80.0,4.0,0.25,0.25,51.0,1.0
1037,ART0003164,Tornitura,A20,7.5,1.875,80.0,4.0,5.25,5.25,68.0,1.0
1038,ART0003167,Controllo qualità,CQ,0.0,0.0,15.0,9.0,0.0,0.0,12.75,4.0
1039,ART0003167,Fresatura,A30,0.5,0.05555555555555555,50.0,9.0,1.0,0.25,42.5,4.0
1040,ART0003167,Saldatura,A11,1.42,0.15777777777777777,50.0,9.0,0.5,0.125,42.5,4.0
1041,ART0003167,Tornitura,A20,2.0,0.2222222222222222,80.0,9.0,1.75,0.4375,68.0,4.0
1042,ART0003169,Fresatura,A30,3.5,0.5833333333333334,55.0,6.0,1.5,0.375,42.5,4.0
1043,ART0003169,Saldatura,A11,2.0,0.3333333333333333,50.0,6.0,1.0,0.25,42.5,4.0
1044,ART0003189,Controllo qualità,CQ,0.0,0.0,15.0,16.0,0.0,0.0,12.75,52.0
1045,ART0003189,Fresatura,A30,3.0,0.21428571428571427,53.333333333333336,14.0,2.0,0.038461538461538464,51.0,52.0
1046,ART0003189,Fresatura (sbavatura fori),A30,0.5,0.041666666666666664,50.0,12.0,,,,
1047,ART0003189,Verniciatura (interna 4M),A35,1.0,0.08333333333333333,50.0,12.0,,,,
1048,ART0003195,Controllo qualità,CQ,0.0,0.0,15.0,6.0,0.0,0.0,12.75,2.0
1049,ART0003195,Fresatura,A30,4.0,0.6666666666666666,50.0,6.0,2.5,1.25,46.75,2.0
1050,ART0003197,Controllo qualità,CQ,0.0,0.0,15.0,4.0,0.0,0.0,12.75,3.0
1051,ART0003197,Fresatura,A30,0.5,0.125,50.0,4.0,0.5,0.16666666666666666,42.5,3.0
1052,ART0003202,Controllo qualità,CQ,0.0,0.0,15.0,5.0,0.0,0.0,12.75,5.0
1053,ART0003202,Fresatura,A30,2.0,0.4,60.0,5.0,0.5,0.1,42.5,5.0
1054,ART0003263,Controllo qualità,CQ,0.0,0.0,15.0,3.0,0.0,0.0,12.75,1.0
1055,ART0003263,Tornitura,A20,1.0,0.3333333333333333,80.0,3.0,0.33,0.33,68.0,1.0
1056,ART0003268,Controllo qualità,CQ,0.0,0.0,15.0,2.0,0.0,0.0,12.75,1.0
1057,ART0003268,Tornitura,A20,0.42000000000000004,0.21000000000000002,70.0,2.0,0.08,0.08,68.0,1.0
1058,ART0003269,Controllo qualità,CQ,0.0,0.0,15.0,38.0,0.0,0.0,12.75,18.0
1059,ART0003269,Fresatura,A30,34.25,0.9013157894736842,50.0,38.0,7.5,0.4166666666666667,42.5,18.0
1060,ART0003275,Controllo qualità,CQ,0.0,0.0,15.0,8.0,0.0,0.0,12.75,8.0
1061,ART0003275,Tornitura,A20,3.28,0.41,80.0,8.0,3.25,0.40625,68.0,8.0
1062,ART0003277,Controllo qualità,CQ,0.0,0.0,15.0,9.0,0.0,0.0,12.75,11.0
1063,ART0003277,Fresatura,A30,4.67,0.5188888888888888,55.0,9.0,3.75,0.3409090909090909,42.5,11.0
1064,ART0003309,Controllo qualità,CQ,0.0,0.0,15.0,10.0,0.0,0.0,12.75,13.0
1065,ART0003309,Tornitura,A20,1.0,0.1,60.0,10.0,3.5,0.2692307692307692,56.666666666666664,13.0
1066,ART0003310,Controllo qualità,CQ,0.0,0.0,15.0,20.0,0.0,0.0,12.75,20.0
1067,ART0003310,Tornitura,A20,1.5,0.075,60.0,20.0,2.5,0.125,56.666666666666664,20.0
1068,ART0003578,Controllo qualità,CQ,0.0,0.0,15.0,4.0,0.0,0.0,12.75,10.0
1069,ART0003578,Tornitura,A20,0.75,0.1875,80.0,4.0,,,,
1070,ART0003580,Controllo qualità,CQ,0.0,0.0,15.0,11.0,0.0,0.0,12.75,10.0
1071,ART0003580,Tornitura,A20,2.25,0.225,70.0,10.0,,,,
1072,ART0003609,Controllo qualità,CQ,0.0,0.0,15.0,8.0,0.0,0.0,12.75,22.0
1073,ART0003609,Fresatura,A30,0.5,0.16666666666666666,50.0,3.0,2.0,0.09090909090909091,51.0,22.0
1074,ART0003609,Tornitura,A20,4.25,0.53125,70.0,8.0,6.75,0.3068181818181818,62.333333333333336,22.0
1075,ART0003610,Tornitura,A20,8.5,0.18085106382978725,60.0,47.0,8.25,0.29464285714285715,51.0,28.0
1076,ART0003612,Controllo qualità,CQ,0.0,0.0,15.0,40.0,,,,
1077,ART0003612,Tornitura,A20,6.0,0.5,66.66666666666667,12.0,2.25,0.28125,68.0,8.0
1078,ART0003613,Controllo qualità,CQ,0.0,0.0,15.0,42.0,0.0,0.0,12.75,4.0
1079,ART0003613,Tornitura,A20,5.5,0.13095238095238096,60.0,42.0,1.0,0.25,68.0,4.0
1080,ART0003642,Brocciatura / stozzatrice,A33,1.5,0.039473684210526314,50.0,38.0,0.75,0.03409090909090909,42.5,22.0
1081,ART0003642,Controllo qualità,CQ,0.0,0.0,15.0,38.0,0.0,0.0,12.75,22.0
1082,ART0003642,Tornitura,A20,3.5,0.09210526315789473,60.0,38.0,2.0,0.09090909090909091,51.0,22.0
1083,ART0003704,Controllo qualità,CQ,0.0,0.0,15.0,7.0,0.0,0.0,12.75,22.0
1084,ART0003704,Fresatura,A30,2.25,0.32142857142857145,50.0,7.0,2.5,0.11363636363636363,51.0,22.0
1085,ART0003704,Tornitura,A20,3.5,0.5,80.0,7.0,5.0,0.22727272727272727,68.0,22.0
1086,ART0003780,Controllo qualità,CQ,0.0,0.0,15.0,26.0,0.0,0.0,12.75,42.0
1087,ART0003780,Fresatura,A30,1.25,0.04807692307692308,50.0,26.0,1.5,,51.0,0.0
1088,ART0003780,Tornitura,A20,2.75,0.10576923076923077,80.0,26.0,6.5,0.15476190476190477,51.0,42.0
1089,ART0003782,Controllo qualità,CQ,0.0,0.0,15.0,4.0,0.0,0.0,12.75,4.0
1090,ART0003782,Fresatura,A30,0.5,0.125,50.0,4.0,,,,
1091,ART0003782,Tornitura,A20,1.0,0.25,80.0,4.0,,,,
1092,ART0003785,Controllo qualità,CQ,0.0,0.0,15.0,54.0,0.0,0.0,12.75,30.0
1093,ART0003785,Fresatura,A30,3.0,0.05555555555555555,50.0,54.0,1.75,0.058333333333333334,51.0,30.0
1094,ART0003785,Tornitura,A20,5.0,0.09259259259259259,80.0,54.0,7.75,0.25833333333333336,59.5,30.0
1095,ART0003824,Controllo qualità,CQ,0.0,0.0,15.0,61.0,0.0,0.0,12.75,43.0
1096,ART0003824,Tornitura,A20,12.75,0.20901639344262296,66.66666666666667,61.0,10.0,0.23255813953488372,51.0,43.0
1097,ART0003844,Controllo qualità,CQ,0.0,0.0,15.0,10.0,0.0,0.0,12.75,6.0
1098,ART0003844,Fresatura,A30,1.5,0.15,60.0,10.0,0.75,0.125,46.75,6.0
1099,ART0003844,Tornitura,A20,2.0,0.2,60.0,10.0,5.25,0.875,68.0,6.0
1100,ART0003935,Fresatura,A30,2.0001,0.33335000000000004,65.0,6.0,1.831,0.6103333333333333,55.25,3.0
1101,ART0003935,Tornitura,A20,13.0,2.1666666666666665,80.0,6.0,10.5,3.5,59.5,3.0
1102,ART0003940,Controllo qualità,CQ,0.0,0.0,15.0,2.0,,,,
1103,ART0003940,Saldatura,A11,1.75,0.875,50.0,2.0,,,,
1104,ART0003940,Tornitura,A20,24.5,3.5,80.0,7.0,31.0,7.75,59.5,4.0
1105,ART0003982,Controllo qualità,CQ,0.0,0.0,15.0,2.0,,,,
1106,ART0003982,Tornitura,A20,1.5,0.75,80.0,2.0,0.75,0.75,68.0,1.0
1107,ART0003984,Fresatura,A30,2.169,0.3615,50.0,6.0,,,,
1108,ART0003989,Controllo qualità,CQ,0.0,0.0,15.0,2.0,,,,
1109,ART0003989,Tornitura,A20,2.75,1.375,80.0,2.0,1.25,1.25,51.0,1.0
1110,ART0004014,Fresatura,A30,0.444,0.444,50.0,1.0,7.5,7.5,42.5,1.0
1111,ART0004014,Tornitura,A20,9.0,9.0,80.0,1.0,11.5,11.5,51.0,1.0
1112,ART0004015,Controllo qualità,CQ,0.0,0.0,15.0,8.0,0.0,0.0,12.75,5.0
1113,ART0004015,Tornitura,A20,4.25,0.53125,80.0,8.0,5.5,1.1,51.0,5.0
1114,ART0004084,Controllo qualità,CQ,0.0,0.0,15.0,1.0,,,,
1115,ART0004084,Montaggio,A40,1.5,1.5,50.0,1.0,3.15,,42.5,0.0
1116,ART0004099,Controllo qualità,CQ,0.0,0.0,15.0,2.0,0.0,0.0,12.75,1.0
1117,ART0004099,Montaggio,A40,7.0,3.5,50.0,2.0,4.0,4.0,42.5,1.0
1118,ART0004104,Controllo qualità,CQ,0.0,0.0,15.0,3.0,,,,
1119,ART0004104,Montaggio,A40,14.0,7.0,50.0,2.0,10.0,2.5,42.5,4.0
1120,ART0004104,Saldatura,A11,1.0,0.5,50.0,2.0,,,,
1121,ART0004104,Tornitura,A20,0.01,0.005,80.0,2.0,,,,
1122,ART0004146,Montaggio,A40,1.5,,50.0,0.0,9.5,0.3064516129032258,45.333333333333336,31.0
1123,ART0004149,Tornitura,A20,3.0,0.1,70.0,30.0,3.0,0.08571428571428572,68.0,35.0
1124,ART0004152,Controllo qualità,CQ,0.0,0.0,15.0,28.0,,,,
1125,ART0004152,Tornitura,A20,8.5,0.13076923076923078,60.0,65.0,12.5,0.4166666666666667,51.0,30.0
1126,ART0004169,Controllo qualità,CQ,0.0,0.0,15.0,10.0,,,,
1127,ART0004169,Fresatura,A30,3.5801000000000003,0.35801000000000005,60.0,10.0,2.0,0.2,51.0,10.0
1128,ART0004169,Tornitura,A20,18.5,1.3214285714285714,66.66666666666667,14.0,4.0,0.4,51.0,10.0
1129,ART0004175,Tornitura,A20,4.0,0.8,60.0,5.0,6.0,2.0,51.0,3.0
1130,ART0004202,Fresatura,A30,0.669,0.669,70.0,1.0,0.5,0.5,42.5,1.0
1131,ART0004202,Tornitura,A20,8.919,4.4595,77.14285714285714,2.0,1.75,1.75,68.0,1.0
1132,ART0004357,Controllo qualità,CQ,0.0,0.0,15.0,51.0,0.0,0.0,12.75,50.0
1133,ART0004357,Fresatura,A30,0.01,,50.0,0.0,2.75,0.055,51.0,50.0
1134,ART0004357,Tornitura,A20,9.0,0.17647058823529413,60.0,51.0,4.0,0.08,68.0,50.0
1135,ART0004362,Controllo qualità,CQ,0.0,0.0,15.0,20.0,0.0,0.0,12.75,10.0
1136,ART0004362,Tornitura,A20,9.75,0.4875,60.0,20.0,3.0,0.3,51.0,10.0
1137,ART0004363,Controllo qualità,CQ,0.0,0.0,15.0,4.0,,,,
1138,ART0004363,Tornitura,A20,1.5,0.375,60.0,4.0,4.2,0.03620689655172414,68.0,116.0
1139,ART0004373,Controllo qualità,CQ,0.0,0.0,15.0,108.0,0.0,0.0,12.75,102.0
1140,ART0004373,Tornitura,A20,7.7,0.07196261682242991,80.0,107.0,4.5,0.04411764705882353,59.5,102.0
1141,ART0004374,Controllo qualità,CQ,0.0,0.0,15.0,108.0,0.0,0.0,12.75,102.0
1142,ART0004374,Tornitura,A20,7.25,0.06712962962962964,80.0,108.0,4.0,0.0392156862745098,59.5,102.0
1143,ART0004375,Controllo qualità,CQ,0.0,0.0,15.0,10.0,0.0,0.0,12.75,6.0
1144,ART0004375,Fresatura,A30,1.0,0.1,50.0,10.0,0.5,0.08333333333333333,51.0,6.0
1145,ART0004375,Tornitura,A20,0.75,0.075,80.0,10.0,1.0,0.16666666666666666,68.0,6.0
1146,ART0004384,Controllo qualità,CQ,0.0,0.0,15.0,116.0,0.0,0.0,12.75,110.0
1147,ART0004384,Tornitura,A20,2.0,0.017241379310344827,60.0,116.0,2.25,0.020454545454545454,68.0,110.0
1148,ART0004385,Controllo qualità,CQ,0.0,0.0,15.0,51.0,0.0,0.0,12.75,41.0
1149,ART0004385,Tornitura,A20,2.669,0.052333333333333336,70.0,51.0,2.25,0.054878048780487805,68.0,41.0
1150,ART0004386,Controllo qualità,CQ,0.0,0.0,15.0,36.0,0.0,0.0,12.75,28.0
1151,ART0004386,Tornitura,A20,7.25,0.2013888888888889,65.0,36.0,5.0,0.17857142857142858,51.0,28.0
1152,ART0004392,Controllo qualità,CQ,0.0,0.0,15.0,35.0,0.0,0.0,12.75,30.0
1153,ART0004392,Fresatura,A30,3.0,0.08571428571428572,80.0,35.0,1.5,0.05,55.25,30.0
1154,ART0004392,Tornitura,A20,1.75,0.05,80.0,35.0,1.75,0.058333333333333334,68.0,30.0
1155,ART0004397,Controllo qualità,CQ,0.0,0.0,15.0,105.0,0.0,0.0,12.75,101.0
1156,ART0004397,Fresatura,A30,17.08,0.15527272727272726,55.0,110.0,7.75,0.12916666666666668,53.833333333333336,60.0
1157,ART0004397,Tornitura,A20,23.0,0.20909090909090908,75.0,110.0,10.25,0.1443661971830986,59.5,71.0
1158,ART0004403,Controllo qualità,CQ,0.0,0.0,15.0,24.0,0.0,0.0,12.75,26.0
1159,ART0004403,Tornitura,A20,7.0,0.2916666666666667,60.0,24.0,6.5,0.25,51.0,26.0
1160,ART0004410,Controllo qualità,CQ,0.0,0.0,15.0,4.0,0.0,0.0,12.75,2.0
1161,ART0004410,Fresatura,A30,2.669,0.66725,55.0,4.0,0.5,0.25,51.0,2.0
1162,ART0004410,Tornitura,A20,4.0,1.0,60.0,4.0,2.25,1.125,59.5,2.0
1163,ART0004420,Controllo qualità,CQ,0.0,0.0,15.0,6.0,0.0,0.0,12.75,10.0
1164,ART0004420,Tornitura,A20,2.0,0.3333333333333333,80.0,6.0,3.0,0.3,59.5,10.0
1165,ART0004440,Controllo qualità,CQ,0.0,0.0,15.0,5.0,0.0,0.0,12.75,1.0
1166,ART0004440,Fresatura,A30,2.5,0.5,65.0,5.0,3.25,3.25,46.75,1.0
1167,ART0004440,Tornitura,A20,3.0,0.6,60.0,5.0,3.75,1.25,59.5,3.0
1168,ART0004656,Controllo qualità,CQ,0.0,0.0,15.0,5.0,0.0,0.0,12.75,6.0
1169,ART0004656,Fresatura,A30,2.0,0.4,50.0,5.0,1.0,0.16666666666666666,42.5,6.0
1170,ART0004659,Fresatura,A30,4.55,1.1375,50.0,4.0,5.75,0.4791666666666667,42.5,12.0
1171,ART0004660,Fresatura,A30,2.33,0.38833333333333336,55.0,6.0,2.25,0.375,42.5,6.0
1172,ART0004671,Controllo qualità,CQ,0.0,0.0,15.0,5.0,0.0,0.0,12.75,5.0
1173,ART0004671,Fresatura,A30,2.25,0.45,50.0,5.0,2.25,0.45,42.5,5.0
1174,ART0004675,Controllo qualità,CQ,0.0,0.0,15.0,18.0,0.0,0.0,12.75,5.0
1175,ART0004675,Fresatura,A30,9.0,0.5,60.0,18.0,3.0,0.6,42.5,5.0
1176,ART0004689,Controllo qualità,CQ,0.0,0.0,15.0,12.0,0.0,0.0,12.75,12.0
1177,ART0004689,Fresatura,A30,2.75,0.22916666666666666,50.0,12.0,2.25,0.1875,46.75,12.0
1178,ART0004697,Controllo qualità,CQ,0.0,0.0,15.0,4.0,0.0,0.0,12.75,1.0
1179,ART0004697,Fresatura,A30,1.5,0.375,50.0,4.0,1.0,1.0,42.5,1.0
1180,ART0004711,Controllo qualità,CQ,0.0,0.0,15.0,8.0,0.0,0.0,12.75,3.0
1181,ART0004711,Fresatura,A30,13.5,1.6875,53.333333333333336,8.0,1.75,0.5833333333333334,42.5,3.0
1182,ART0004717,Controllo qualità,CQ,0.0,0.0,15.0,13.0,0.0,0.0,12.75,13.0
1183,ART0004717,Fresatura,A30,2.25,0.17307692307692307,50.0,13.0,1.5,0.11538461538461539,42.5,13.0
1184,ART0004718,Fresatura,A30,2.0,0.2222222222222222,50.0,9.0,1.25,0.625,42.5,2.0
1185,ART0004724,Controllo qualità,CQ,0.0,0.0,15.0,3.0,0.0,0.0,12.75,3.0
1186,ART0004724,Fresatura,A30,0.75,0.25,60.0,3.0,1.75,0.5833333333333334,42.5,3.0
1187,ART0004724,Tornitura,A20,0.25,0.08333333333333333,80.0,3.0,0.25,0.08333333333333333,68.0,3.0
1188,ART0004725,Controllo qualità,CQ,0.0,0.0,15.0,2.0,0.0,0.0,12.75,3.0
1189,ART0004725,Fresatura,A30,0.75,0.375,60.0,2.0,1.75,0.5833333333333334,42.5,3.0
1190,ART0004725,Tornitura,A20,0.25,0.125,80.0,2.0,0.25,0.08333333333333333,68.0,3.0
1191,ART0004726,Controllo qualità,CQ,0.0,0.0,15.0,3.0,0.0,0.0,12.75,3.0
1192,ART0004726,Fresatura,A30,1.0,0.3333333333333333,60.0,3.0,1.5,0.5,42.5,3.0
1193,ART0004726,Tornitura,A20,0.25,0.08333333333333333,80.0,3.0,0.25,0.08333333333333333,68.0,3.0
1194,ART0004727,Controllo qualità,CQ,0.0,0.0,15.0,3.0,0.0,0.0,12.75,3.0
1195,ART0004727,Fresatura,A30,0.75,0.25,60.0,3.0,1.75,0.5833333333333334,42.5,3.0
1196,ART0004727,Tornitura,A20,0.25,0.08333333333333333,80.0,3.0,0.25,0.08333333333333333,68.0,3.0
1197,ART0004737,Controllo qualità,CQ,0.0,0.0,15.0,10.0,0.0,0.0,12.75,10.0
1198,ART0004836,Controllo qualità,CQ,0.0,0.0,15.0,10.0,,,,
1199,ART0004836,Fresatura,A30,6.0,0.6,50.0,10.0,3.5,0.175,42.5,20.0
1200,ART0004880,Controllo qualità,CQ,0.0,0.0,15.0,12.0,0.0,0.0,12.75,24.0
1201,ART0004880,Tornitura,A20,2.5,0.20833333333333334,60.0,12.0,6.5,0.2708333333333333,51.0,24.0
1202,ART0004885,Controllo qualità,CQ,0.0,0.0,15.0,12.0,0.0,0.0,12.75,12.0
1203,ART0004885,Fresatura,A30,6.5,0.5416666666666666,50.0,12.0,14.75,1.2291666666666667,42.5,12.0
1204,ART0004885,Saldatura,A11,3.08,0.25666666666666665,50.0,12.0,2.0,0.3333333333333333,42.5,6.0
1205,ART0004885,Tornitura,A20,8.0,0.6666666666666666,60.0,12.0,5.0,0.38461538461538464,68.0,13.0
1206,ART0004886,Controllo qualità,CQ,0.0,0.0,15.0,12.0,,,,
1207,ART0004886,Fresatura,A30,2.51,0.20916666666666664,50.0,12.0,5.5,0.4583333333333333,42.5,12.0
1208,ART0004886,Saldatura,A11,5.17,0.43083333333333335,50.0,12.0,3.5,0.2916666666666667,42.5,12.0
1209,ART0004886,Tornitura,A20,11.5,0.9583333333333334,80.0,12.0,17.75,1.4791666666666667,68.0,12.0
1210,ART0004889,Controllo qualità,CQ,0.0,0.0,15.0,62.0,0.0,0.0,12.75,3.0
1211,ART0004889,Fresatura,A30,47.66,0.7687096774193548,58.57142857142857,62.0,5.0,0.4166666666666667,53.833333333333336,12.0
1212,ART0004889,Saldatura,A11,19.33,0.4495348837209302,50.0,43.0,,,,
1213,ART0004889,Tornitura,A20,14.5,0.2230769230769231,60.0,65.0,,,,
1214,ART0004898,Controllo qualità,CQ,0.0,0.0,15.0,18.0,0.0,0.0,12.75,13.0
1215,ART0004898,Fresatura,A30,1.25,0.06944444444444445,50.0,18.0,0.75,0.057692307692307696,42.5,13.0
1216,ART0004901,Controllo qualità,CQ,0.0,0.0,15.0,18.0,0.0,0.0,12.75,12.0
1217,ART0004902,Controllo qualità,CQ,0.0,0.0,15.0,18.0,0.0,0.0,12.75,12.0
1218,ART0004902,Fresatura,A30,6.25,0.3472222222222222,50.0,18.0,0.0001,,68.0,0.0
1219,ART0004902,Tornitura,A20,4.0,0.2222222222222222,60.0,18.0,4.0,0.3333333333333333,68.0,12.0
1220,ART0004904,Controllo qualità,CQ,0.0,0.0,15.0,6.0,0.0,0.0,12.75,4.0
1221,ART0004919,Controllo qualità,CQ,0.0,0.0,15.0,9.0,0.0,0.0,12.75,3.0
1222,ART0004919,Fresatura,A30,5.0,0.5555555555555556,55.0,9.0,3.25,1.0833333333333333,42.5,3.0
1223,ART0004919,Saldatura,A11,1.0,0.1111111111111111,50.0,9.0,0.5,0.16666666666666666,42.5,3.0
1224,ART0004924,Controllo qualità,CQ,0.0,0.0,15.0,18.0,0.0,0.0,12.75,9.0
1225,ART0004924,Fresatura,A30,11.5,0.6388888888888888,55.0,18.0,4.0,0.4444444444444444,42.5,9.0
1226,ART0004924,Saldatura,A11,1.0,0.1111111111111111,50.0,9.0,1.5,0.16666666666666666,42.5,9.0
1227,ART0004941,Fresatura,A30,9.5,0.59375,50.0,16.0,7.75,0.96875,42.5,8.0
1228,ART0004942,Controllo qualità,CQ,0.0,0.0,15.0,32.0,0.0,0.0,12.75,8.0
1229,ART0004942,Fresatura,A30,6.75,0.2109375,50.0,32.0,2.15,0.26875,42.5,8.0
1230,ART0004942,Tornitura,A20,8.5,0.265625,60.0,32.0,2.5,0.3125,51.0,8.0
1231,ART0004944,Controllo qualità,CQ,0.0,0.0,15.0,32.0,0.0,0.0,12.75,8.0
1232,ART0004946,Controllo qualità,CQ,0.0,0.0,15.0,20.0,0.0,0.0,12.75,16.0
1233,ART0004946,Fresatura,A30,14.5,0.725,50.0,20.0,6.5,0.40625,42.5,16.0
1234,ART0004947,Controllo qualità,CQ,0.0,0.0,15.0,20.0,0.0,0.0,12.75,8.0
1235,ART0004947,Fresatura,A30,6.25,0.3125,50.0,20.0,2.83,0.35375,42.5,8.0
1236,ART0005011,Controllo qualità,CQ,0.0,0.0,15.0,2.0,0.0,0.0,12.75,2.0
1237,ART0005011,Fresatura,A30,4.17,2.085,50.0,2.0,3.5,1.75,51.0,2.0
1238,ART0005011,Tornitura,A20,2.5,1.25,60.0,2.0,2.5,1.25,51.0,2.0
1239,ART0005026,Controllo qualità,CQ,0.0,0.0,15.0,1.0,,,,
1240,ART0005026,Fresatura,A30,0.0001,0.0001,80.0,1.0,4.25,4.25,42.5,1.0
1241,ART0005026,Tornitura,A20,5.0,5.0,80.0,1.0,2.75,2.75,59.5,1.0
1242,ART0005028,Controllo qualità,CQ,0.0,0.0,15.0,3.0,0.0,0.0,12.75,3.0
1243,ART0005028,Fresatura,A30,5.5,1.8333333333333333,50.0,3.0,11.5,3.8333333333333335,51.0,3.0
1244,ART0005028,Tornitura,A20,5.0,1.6666666666666667,60.0,3.0,8.0,4.0,51.0,2.0
1245,ART0005029,Controllo qualità,CQ,0.0,0.0,15.0,1.0,0.0,0.0,12.75,1.0
1246,ART0005029,Saldatura,A11,0.83,0.415,50.0,2.0,,,,
1247,ART0005029,Tornitura,A20,9.25,4.625,80.0,2.0,2.25,2.25,68.0,1.0
1248,ART0005030,Controllo qualità,CQ,0.0,0.0,15.0,1.0,0.0,0.0,12.75,1.0
1249,ART0005030,Saldatura,A11,0.5,0.5,50.0,1.0,,,,
1250,ART0005030,Tornitura,A20,16.25,16.25,80.0,1.0,15.75,7.875,68.0,2.0
1251,ART0005034,Controllo qualità,CQ,0.0,0.0,15.0,2.0,0.0,0.0,12.75,2.0
1252,ART0005034,Fresatura,A30,0.7501,0.25003333333333333,65.0,3.0,0.5,0.25,51.0,2.0
1253,ART0005034,Tornitura,A20,1.0,0.3333333333333333,80.0,3.0,1.0,0.5,51.0,2.0
1254,ART0005035,Controllo qualità,CQ,0.0,0.0,15.0,3.0,0.0,0.0,12.75,2.0
1255,ART0005035,Fresatura,A30,0.7501,0.25003333333333333,65.0,3.0,0.75,0.375,51.0,2.0
1256,ART0005035,Tornitura,A20,3.0,1.0,80.0,3.0,2.0,1.0,51.0,2.0
1257,ART0005036,Controllo qualità,CQ,0.0,0.0,15.0,13.0,0.0,0.0,12.75,16.0
1258,ART0005036,Fresatura,A30,1.7501,0.13462307692307693,60.0,13.0,1.25,0.078125,51.0,16.0
1259,ART0005036,Tornitura,A20,13.25,1.0192307692307692,80.0,13.0,7.0,0.4375,51.0,16.0
1260,ART0005037,Controllo qualità,CQ,0.0,0.0,15.0,18.0,0.0,0.0,12.75,16.0
1261,ART0005037,Fresatura,A30,1.5802,0.12155384615384615,65.0,13.0,1.25,0.078125,51.0,16.0
1262,ART0005037,Tornitura,A20,12.25,0.6805555555555556,80.0,18.0,4.0,0.25,51.0,16.0
1263,ART0005091,Controllo qualità,CQ,0.0,0.0,15.0,4.0,0.0,0.0,12.75,4.0
1264,ART0005091,Tornitura,A20,2.5,0.625,60.0,4.0,2.0,0.5,51.0,4.0
1265,ART0005109,Controllo qualità,CQ,0.0,0.0,15.0,6.0,0.0,0.0,12.75,4.0
1266,ART0005109,Tornitura,A20,4.65,0.775,60.0,6.0,2.0,0.5,51.0,4.0
1267,ART0005110,Controllo qualità,CQ,0.0,0.0,15.0,3.0,0.0,0.0,12.75,2.0
1268,ART0005110,Fresatura,A30,2.16,0.54,50.0,4.0,,,,
1269,ART0005111,Controllo qualità,CQ,0.0,0.0,15.0,2.0,0.0,0.0,12.75,2.0
1270,ART0005111,Fresatura,A30,3.0,0.75,53.333333333333336,4.0,1.75,0.875,42.5,2.0
1271,ART0005112,Controllo qualità,CQ,0.0,0.0,15.0,4.0,0.0,0.0,12.75,2.0
1272,ART0005112,Fresatura,A30,4.0,1.0,53.333333333333336,4.0,2.25,1.125,42.5,2.0
1273,ART0005136,,A20,0.5,,80.0,0.0,,,,
1274,ART0005136,Brocciatura / stozzatrice,A33,7.15,0.3404761904761905,51.0,21.0,1.25,0.0390625,42.5,32.0
1275,ART0005136,Controllo qualità,CQ,0.0,0.0,15.0,102.0,0.0,0.0,12.75,50.0
1276,ART0005136,Fresatura,A30,72.48910000000001,2.3383580645161293,57.4468085106383,31.0,21.33,5.3325,47.6,4.0
1277,ART0005136,Montaggio,A40,6.75,1.6875,50.0,4.0,8.25,,42.5,0.0
1278,ART0005136,Piegatura,A12,51.08899999999999,10.217799999999999,50.0,5.0,,,,
1279,ART0005136,Preparazione materiale,A10,26.5,6.625,57.142857142857146,4.0,,,,
1280,ART0005136,Preparazione materiale/taglio/sbavatura,A10,4.41,2.205,56.666666666666664,2.0,,,,
1281,ART0005136,Saldatura,A11,21.854999999999997,1.0927499999999999,50.0,20.0,,,,
1282,ART0005136,Taglio,A10,12.0,12.0,60.0,1.0,,,,
1283,ART0005136,Tornitura,A20,143.9091,2.878182,75.90361445783132,50.0,53.75,1.053921568627451,65.16666666666667,51.0
1284,ART0005136,Tornitura (chiedere a Massimo),A20,3.75,3.75,80.0,1.0,,,,
1285,ART0005136,Tornitura del solo ø45 (allargare a nuova toller),A20,1.0,0.125,80.0,8.0,,,,
1286,ART0000115,Fresatura,A30,,,,,6.25,2.0833333333333335,51.0,3.0
1287,ART0000131,Fresatura,A30,,,,,1.75,0.25,51.0,7.0
1288,ART0000151,Tornitura,A20,,,,,6.5,1.3,68.0,5.0
1289,ART0000223,Rettifica,A34,,,,,2.5,0.14705882352941177,42.5,17.0
1290,ART0000308,Fresatura,A30,,,,,1.5,0.15,46.75,10.0
1291,ART0000320,Tornitura,A20,,,,,2.75,0.9166666666666666,68.0,3.0
1292,ART0000638,Controllo qualità,CQ,,,,,0.0,0.0,12.75,10.0
1293,ART0000641,Preparazione materiale,A10,,,,,0.5,0.1,42.5,5.0
1294,ART0000643,Controllo qualità,CQ,,,,,0.0,0.0,12.75,51.0
1295,ART0000814,Montaggio,A40,,,,,1.0,1.0,42.5,1.0
1296,ART0000879,Brocciatura / stozzatrice,A33,,,,,0.5,0.125,42.5,4.0
1297,ART0000888,Saldatura,A11,,,,,0.75,0.1875,42.5,4.0
1298,ART0000891,Tornitura,A20,,,,,2.5,0.25,51.0,10.0
1299,ART0001100,Controllo qualità,CQ,,,,,0.0,0.0,12.75,4.0
1300,ART0001154,Rettifica,A34,,,,,6.5,0.13,42.5,50.0
1301,ART0001164,Saldatura,A11,,,,,0.5,0.16666666666666666,51.0,3.0
1302,ART0001170,Preparazione materiale,A10,,,,,2.5,2.5,51.0,1.0
1303,ART0001188,Fresatura,A30,,,,,0.25,0.25,51.0,1.0
1304,ART0001203,Preparazione materiale,A10,,,,,3.25,3.25,51.0,1.0
1305,ART0001244,Preparazione materiale,A10,,,,,2.75,2.75,51.0,1.0
1306,ART0001615,Fresatura,A30,,,,,3.25,0.11607142857142858,51.0,28.0
1307,ART0001731,Preparazione materiale,A10,,,,,4.75,0.475,51.0,10.0
1308,ART0001745,Tornitura,A20,,,,,9.0,9.0,68.0,1.0
1309,ART0001778,Tornitura,A20,,,,,2.0,1.0,51.0,2.0
1310,ART0001789,Controllo qualità,CQ,,,,,0.0,0.0,12.75,2.0
1311,ART0001866,Brocciatura / stozzatrice,A33,,,,,3.5,0.0875,48.166666666666664,40.0
1312,ART0001866,Rettifica,A34,,,,,10.0,,42.5,0.0
1313,ART0001868,Fresatura,A30,,,,,8.2501,0.16500199999999998,59.5,50.0
1314,ART0001869,Controllo qualità,CQ,,,,,0.0,0.0,12.75,2.0
1315,ART0001935,Fresatura,A30,,,,,3.0,3.0,51.0,1.0
1316,ART0002152,Controllo qualità,CQ,,,,,0.0,0.0,12.75,6.0
1317,ART0002210,Fresatura,A30,,,,,0.5,0.1,51.0,5.0
1318,ART0002228,Tornitura,A20,,,,,4.5,2.25,59.5,2.0
1319,ART0002240,Controllo qualità,CQ,,,,,0.0,0.0,12.75,2.0
1320,ART0002249,Controllo qualità,CQ,,,,,0.0,0.0,12.75,4.0
1321,ART0002262,Tornitura,A20,,,,,3.25,3.25,59.5,1.0
1322,ART0002263,Tornitura,A20,,,,,3.5,3.5,59.5,1.0
1323,ART0002456,Tornitura,A20,,,,,4.75,4.75,68.0,1.0
1324,ART0002552,Tornitura,A20,,,,,4.75,0.95,62.333333333333336,5.0
1325,ART0002555,Controllo qualità,CQ,,,,,0.0,0.0,12.75,2.0
1326,ART0002556,Controllo qualità,CQ,,,,,0.0,0.0,12.75,2.0
1327,ART0002581,Tornitura,A20,,,,,2.5,2.5,68.0,1.0
1328,ART0002608,Tornitura,A20,,,,,3.5,3.5,68.0,1.0
1329,ART0002747,Tornitura,A20,,,,,3.75,3.75,68.0,1.0
1330,ART0002895,Tornitura,A20,,,,,0.35,0.35,68.0,1.0
1331,ART0002896,Tornitura,A20,,,,,0.35,0.35,68.0,1.0
1332,ART0002958,Tornitura,A20,,,,,2.5,1.25,59.5,2.0
1333,ART0002959,Tornitura,A20,,,,,2.25,1.125,68.0,2.0
1334,ART0003169,Controllo qualità,CQ,,,,,0.0,0.0,12.75,4.0
1335,ART0003610,Controllo qualità,CQ,,,,,0.0,0.0,12.75,180.0
1336,ART0003704,Brocciatura / stozzatrice,A33,,,,,2.0,0.09090909090909091,42.5,22.0
1337,ART0003940,Fresatura,A30,,,,,19.0001,4.750025,49.3,4.0
1338,ART0003984,Tornitura,A20,,,,,0.75,0.75,51.0,1.0
1339,ART0004659,Controllo qualità,CQ,,,,,0.0,0.0,12.75,12.0
1340,ART0004660,Controllo qualità,CQ,,,,,0.0,0.0,12.75,6.0
1341,ART0004718,Controllo qualità,CQ,,,,,0.0,0.0,12.75,2.0
1342,ART0004737,Fresatura,A30,,,,,2.75,0.275,42.5,10.0
1343,ART0004898,Tornitura,A20,,,,,3.0,0.23076923076923078,51.0,13.0
1344,ART0004901,Tornitura,A20,,,,,2.0,1.0,51.0,2.0
1345,ART0004904,Tornitura,A20,,,,,1.75,0.4375,68.0,4.0
1346,ART0004944,Tornitura,A20,,,,,1.75,0.21875,68.0,8.0
1347,ART0005091,Fresatura,A30,,,,,1.0,0.25,42.5,4.0
1348,ART0005136,Foratura/Maschiatura,A32,,,,,3.0,,42.5,0.0
1349,ART0005136,Taglio spezzoni,A20,,,,,4.5,0.15517241379310345,68.0,29.0
